{
  "drop_noise": 0,
  "collision_noise_mean": 1,
  "collision_noise_sd": 0,
  "dt": 0.016666666666666666,
  "substeps_per_frame": 4,
  "med": 450,
  "gravity": -1000,
  "screen_size": {
    "width": 900,
    "height": 900
  },
  "width": 800,
  "height": 600,
  "hole_width": 58.18181818181819,
  "hole_positions": [
    122.72727272727273,
    195.45454545454547,
    268.1818181818182,
    340.90909090909093,
    413.6363636363637,
    486.3636363636364,
    559.0909090909091,
    631.8181818181819,
    704.5454545454546,
    777.2727272727274
  ],
  "wall_elasticity": 0.2,
  "wall_friction": 0.9,
  "ground_elasticity": 0,
  "ground_friction": 2,
  "ground_y": 145.0,
  "divider_thickness": 4.4,
  "ball_radius": 15,
  "ball_mass": 10,
  "ball_elasticity": 0.2,
  "ball_friction": 0.5,
  "ball_initial_angle": 0,
  "obstacles": {
    "abstract": {
      "type": "abstract",
      "size": 90,
      "position": {
        "x": 723.5190032179464,
        "y": 467.6008888595435
      },
      "rotation": 5.182572727793536,
      "elasticity": 0,
      "friction": 0,
      "shape": [
        [
          -8.488924323456576,
          55.60230304481419
        ],
        [
          9.019482093672554,
          55.60230304481419
        ],
        [
          -0.22874979214153068,
          70.46885954770283
        ],
        [
          7.419277425704118,
          86.21852541534778
        ],
        [
          20.47171698263309,
          74.54898742620338
        ],
        [
          22.053576598791373,
          57.112186818805945
        ],
        [
          16.58155200623655,
          40.48085367543335
        ],
        [
          14.208411771498385,
          23.134023973910498
        ],
        [
          21.0475598673606,
          7.01663123841408
        ],
        [
          21.0475598673606,
          -10.491775178715049
        ],
        [
          14.208411771498383,
          -26.609167914211465
        ],
        [
          16.581552006236535,
          -43.95599761573431
        ],
        [
          22.053576598791366,
          -60.58733075910691
        ],
        [
          20.471716982633072,
          -78.02413136650434
        ],
        [
          7.4192774257040925,
          -89.69366935564871
        ],
        [
          -0.2287497921415822,
          -73.94400348800379
        ],
        [
          9.019482093672538,
          -59.07744698511517
        ],
        [
          -8.48892432345659,
          -59.07744698511509
        ],
        [
          0.7593075623575081,
          -73.9440034880037
        ],
        [
          -6.888719655488101,
          -89.69366935564868
        ],
        [
          -19.941159212417087,
          -78.0241313665043
        ],
        [
          -21.52301882857536,
          -60.58733075910686
        ],
        [
          -16.050994236020518,
          -43.95599761573428
        ],
        [
          -13.677854001282313,
          -26.609167914211437
        ],
        [
          -20.517002097144537,
          -10.491775178715018
        ],
        [
          -20.51700209714451,
          7.016631238414111
        ],
        [
          -13.677854001282334,
          23.134023973910544
        ],
        [
          -16.0509942360205,
          40.4808536754334
        ],
        [
          -21.52301882857533,
          57.11218681880599
        ],
        [
          -19.941159212417023,
          74.54898742620344
        ],
        [
          -6.888719655488125,
          86.21852541534791
        ],
        [
          0.7593075623577064,
          70.46885954770305
        ],
        [
          -8.488924323456413,
          55.602303044814434
        ]
      ]
    },
    "abstract_upper": {
      "type": "abstract",
      "size": 90,
      "position": {
        "x": 195.82162385490548,
        "y": 585.7643675768128
      },
      "rotation": 5.758433710743991,
      "elasticity": 0,
      "friction": 0,
      "shape": [
        [
          -10.538369825183857,
          46.75362942905155
        ],
        [
          11.19701793925773,
          46.75362942905155
        ],
        [
          -1.0120536296564764,
          64.73600003739371
        ],
        [
          3.529025937184193,
          85.99172109404712
        ],
        [
          25.121213989983985,
          83.5008384466374
        ],
        [
          21.594233199280993,
          62.05351955189792
        ],
        [
          3.399832964358896,
          50.16272978157131
        ],
        [
          2.984776146644151,
          28.431305320466482
        ],
        [
          13.496165371594557,
          9.406642962562897
        ],
        [
          13.496165371594557,
          -12.328744801878692
        ],
        [
          2.9847761466441605,
          -31.353407159782282
        ],
        [
          3.399832964358879,
          -53.084831620887115
        ],
        [
          21.594233199280964,
          -64.97562139121374
        ],
        [
          25.12121398998396,
          -86.42294028595322
        ],
        [
          3.529025937184166,
          -88.91382293336292
        ],
        [
          -1.0120536296565295,
          -67.65810187670952
        ],
        [
          11.197017939257712,
          -49.67573126836738
        ],
        [
          -10.538369825183874,
          -49.675731268367294
        ],
        [
          1.670701743730333,
          -67.65810187670944
        ],
        [
          -2.8703778231102737,
          -88.91382293336288
        ],
        [
          -24.46256587591007,
          -86.42294028595316
        ],
        [
          -20.9355850852071,
          -64.97562139121368
        ],
        [
          -2.741184850284984,
          -53.084831620887094
        ],
        [
          -2.3261280325701303,
          -31.353407159782265
        ],
        [
          -12.837517257520556,
          -12.328744801878692
        ],
        [
          -12.837517257520503,
          9.406642962562897
        ],
        [
          -2.3261280325701685,
          28.431305320466514
        ],
        [
          -2.7411848502848764,
          50.16272978157135
        ],
        [
          -20.935585085206966,
          62.05351955189797
        ],
        [
          -24.462565875909938,
          83.50083844663745
        ],
        [
          -2.8703778231101675,
          85.99172109404734
        ],
        [
          1.6707017437307214,
          64.73600003739396
        ],
        [
          -10.538369825183503,
          46.75362942905182
        ]
      ]
    },
    "abstract_lower": {
      "type": "abstract",
      "size": 90,
      "position": {
        "x": 526.7401348734295,
        "y": 325.61671890257816
      },
      "rotation": 1.1078133025938341,
      "elasticity": 0,
      "friction": 0,