{
  "drop_noise": 0,
  "collision_noise_mean": 1,
  "collision_noise_sd": 0,
  "dt": 0.016666666666666666,
  "substeps_per_frame": 4,
  "med": 450,
  "gravity": -1000,
  "screen_size": {
    "width": 900,
    "height": 900
  },
  "width": 800,
  "height": 600,
  "hole_width": 58.18181818181819,
  "hole_positions": [
    122.72727272727273,
    195.45454545454547,
    268.1818181818182,
    340.90909090909093,
    413.6363636363637,
    486.3636363636364,
    559.0909090909091,
    631.8181818181819,
    704.5454545454546,
    777.2727272727274
  ],
  "wall_elasticity": 0.2,
  "wall_friction": 0.9,
  "ground_elasticity": 0,
  "ground_friction": 2,
  "ground_y": 145.0,
  "divider_thickness": 4.4,
  "ball_radius": 15,
  "ball_mass": 10,
  "ball_elasticity": 0.2,
  "ball_friction": 0.5,
  "ball_initial_angle": 0,
  "obstacles": {
    "abstract": {
      "type": "abstract",
      "size": 90,
      "position": {
        "x": 723.5190032179464,
        "y": 467.6008888595435
      },
      "rotation": 5.182572727793536,
      "elasticity": 0,
      "friction": 0,
      "shape": [
        [
          -6.888719655488125,
          86.21852541534791
        ],
        [
          -19.941159212417023,
          74.54898742620344
        ],
        [
          -21.52301882857533,
          57.11218681880599
        ],
        [
          -21.52301882857536,
          -60.58733075910686
        ],
        [
          -19.941159212417087,
          -78.0241313665043
        ],
        [
          -6.888719655488101,
          -89.69366935564868
        ],
        [
          7.4192774257040925,
          -89.69366935564871
        ],
        [
          20.471716982633072,
          -78.02413136650434
        ],
        [
          22.053576598791366,
          -60.58733075910691
        ],
        [
          22.053576598791373,
          57.112186818805945
        ],
        [
          20.47171698263309,
          74.54898742620338
        ],
        [
          7.419277425704118,
          86.21852541534778
        ]
      ]
    },
    "abstract_upper": {
      "type": "abstract",
      "size": 90,
      "position": {
        "x": 195.82162385490548,
        "y": 585.7643675768128
      },
      "rotation": 5.758433710743991,
      "elasticity": 0,
      "friction": 0,
      "shape": [
        [
          -24.462565875909938,
          83.50083844663745
        ],
        [
          -24.46256587591007,
          -86.42294028595316
        ],
        [
          -2.8703778231102737,
          -88.91382293336288
        ],
        [
          3.529025937184166,
          -88.91382293336292
        ],
        [
          25.12121398998396,
          -86.42294028595322
        ],
        [
          25.121213989983985,
          83.5008384466374
        ],
        [
          3.529025937184193,
          85.99172109404712
        ],
        [
          -2.8703778231101675,
          85.99172109404734
        ]
      ]
    },
    "abstract_lower": {
      "type": "abstract",
      "size": 90,
      "position": {
        "x": 526.7401348734295,
        "y": 325.61671890257816
      },
      "rotation": 1.1078133025938341,
      "elasticity": 0,
      "friction": 0,
      "shape": [
        [
          -89.22579243694032,
          6.046144129330267
        ],
        [
          -89.22579243694032,
          -7.935444726140358
        ],
        [
          -80.89433334099992,
          -19.16360647489034
        ],
        [
          -71.32142558908774,
          -29.354007060578816
        ],
        [
          -59.201432841643715,
          -36.32470306064401
        ],
        [
          -18.801196606194818,
          -39.25606963685012
        ],
        [
          19.22488111696669,
          -39.25606963685012
        ],
        [
          59.625117352415586,
          -36.32470306064398
        ],
        [
          71.74511009985959,
          -29.35400706057878
        ],
        [
          81.31801785177176,
          -19.163606474890287
        ],
        [
          89.64947694771216,
          -7.935444726140297
        ],
        [
          89.64947694771216,
          6.046144129330329
        ],
        [
          81.31801785177176,
          17.27430587808032
        ],
        [
          71.74511009985959,
          27.464706463768795
        ],
        [
          59.625117352415565,
          34.43540246383399
        ],
        [
          19.224881116966678,
          37.36676904004012
        ],
        [
          -18.80119660619487,
          37.366769040040076
        ],
        [
          -59.20143284164376,
          34.43540246383394
        ],
        [
          -71.32142558908777,
          27.464706463768742
        ],
        [
          -80.89433334099996,
          17.274305878080277
        ]
      ]
    }
  },
  "hole_dropped_into": 9
}