{
  "drop_noise": 0,
  "collision_noise_mean": 1,
  "collision_noise_sd": 0,
  "dt": 0.016666666666666666,
  "substeps_per_frame": 4,
  "med": 450,
  "gravity": -1000,
  "screen_size": {
    "width": 900,
    "height": 900
  },
  "width": 800,
  "height": 600,
  "hole_width": 58.18181818181819,
  "hole_positions": [
    122.72727272727273,
    195.45454545454547,
    268.1818181818182,
    340.90909090909093,
    413.6363636363637,
    486.3636363636364,
    559.0909090909091,
    631.8181818181819,
    704.5454545454546,
    777.2727272727274
  ],
  "wall_elasticity": 0.2,
  "wall_friction": 0.9,
  "ground_elasticity": 0,
  "ground_friction": 2,
  "ground_y": 145.0,
  "divider_thickness": 4.4,
  "ball_radius": 15,
  "ball_mass": 10,
  "ball_elasticity": 0.2,
  "ball_friction": 0.5,
  "ball_initial_angle": 0,
  "obstacles": {
    "abstract": {
      "type": "abstract",
      "size": 90,
      "position": {
        "x": 697.0836206593073,
        "y": 458.2645175065185
      },
      "rotation": 0.6952415863104614,
      "elasticity": 0,
      "friction": 0,
      "shape": [
        [
          -8.308675497042524,
          57.670243618894546
        ],
        [
          8.827967715607718,
          57.670243618894546
        ],
        [
          4.348490580346317,
          74.21106660907076
        ],
        [
          17.993204785414797,
          84.57862730866033
        ],
        [
          29.41935441513759,
          71.80726695680833
        ],
        [
          29.322774092755672,
          54.67089590459893
        ],
        [
          33.32129786873815,
          38.007272402773935
        ],
        [
          41.0659453014478,
          22.720514187223607
        ],
        [
          34.81118280335369,
          6.766126493234626
        ],
        [
          34.811182803353674,
          -10.370516719415614
        ],
        [
          41.0659453014478,
          -26.324904413404585
        ],
        [
          33.32129786873815,
          -41.61166262895491
        ],
        [
          29.322774092755633,
          -58.275286130779904
        ],
        [
          29.419354415137523,
          -75.4116571829893
        ],
        [
          17.99320478541471,
          -88.1830175348413
        ],
        [
          4.348490580346239,
          -77.81545683525174
        ],
        [
          8.82796771560767,
          -61.274633845075535
        ],
        [
          -8.308675497042572,
          -61.274633845075456
        ],
        [
          -3.829198361781169,
          -77.81545683525168
        ],
        [
          -17.47391256684963,
          -88.18301753484127
        ],
        [
          -28.900062196572424,
          -75.41165718298927
        ],
        [
          -28.80348187419053,
          -58.275286130779875
        ],
        [
          -32.802005650173,
          -41.61166262895488
        ],
        [
          -40.54665308288269,
          -26.32490441340457
        ],
        [
          -34.291890584788604,
          -10.370516719415576
        ],
        [
          -34.29189058478851,
          6.766126493234664
        ],
        [
          -40.54665308288266,
          22.72051418722363
        ],
        [
          -32.80200565017301,
          38.00727240277396
        ],
        [
          -28.803481874190485,
          54.670895904598936
        ],
        [
          -28.900062196572325,
          71.80726695680833
        ],
        [
          -17.473912566849584,
          84.57862730866037
        ],
        [
          -3.8291983617809966,
          74.21106660907095
        ],
        [
          -8.308675497042426,
          57.67024361889476
        ]
      ]
    },
    "abstract_upper": {
      "type": "abstract",
      "size": 90,
      "position": {
        "x": 452.0555424676662,
        "y": 599.3159546739608
      },
      "rotation": 0.02210025564687487,
      "elasticity": 0,
      "friction": 0,
      "shape": [
        [
          -9.381815098514204,
          60.4510705966821
        ],
        [
          9.968178542171398,
          60.4510705966821
        ],
        [
          15.237456585497368,
          79.06979672917292
        ],
        [
          34.469652855463245,
          76.9379241888732
        ],
        [
          50.19744210991666,
          65.66588359889693
        ],
        [
          66.00968269662523,
          54.51261943441935
        ],
        [
          78.69174872663721,
          39.89798789253677
        ],
        [
          65.98484172060807,
          25.304949544245456
        ],
        [
          57.768687678682724,
          7.785900864196445
        ],
        [
          57.76868767868271,
          -11.564092776489158
        ],
        [
          65.98484172060806,
          -29.08314145653817
        ],
        [
          78.69174872663721,
          -43.67617980482945
        ],
        [
          66.00968269662528,
          -58.29081134671209
        ],
        [
          50.19744210991668,
          -69.44407551118962
        ],
        [
          34.46965285546325,
          -80.7161161011659
        ],
        [
          15.237456585497378,
          -82.84798864146562
        ],
        [
          9.96817854217137,
          -64.22926250897481
        ],
        [
          -9.381815098514235,
          -64.22926250897476
        ],
        [
          -14.651093141840196,
          -82.84798864146556
        ],
        [
          -33.88328941180607,
          -80.71611610116585
        ],
        [
          -49.611078666259516,
          -69.44407551118961
        ],
        [
          -65.42331925296808,
          -58.29081134671203
        ],
        [
          -78.10538528298005,
          -43.67617980482944
        ],
        [
          -65.39847827695097,
          -29.083141456538083
        ],
        [
          -57.18232423502561,
          -11.564092776489073
        ],
        [
          -57.18232423502557,
          7.785900864196529
        ],
        [
          -65.39847827695097,
          25.304949544245517
        ],
        [
          -78.10538528298007,
          39.897987892536854
        ],
        [
          -65.42331925296817,
          54.51261943441949
        ],
        [
          -49.61107866625956,
          65.66588359889701
        ],
        [
          -33.88328941180614,
          76.9379241888733
        ],
        [
          -14.651093141840276,
          79.06979672917312
        ],
        [
          -9.381815098514267,
          60.451070596682314
        ]
      ]
    },
    "abstract_lower": {
      "type": "abstract",
      "size": 90,
      "position": {
        "x": 273.03579267171824,
        "y": 345.4369085016961
      },
      "rotation": 0.8924993912596381,
      "elasticity": 0,
      "friction": 0,