{
  "drop_noise": 0,
  "collision_noise_mean": 1,
  "collision_noise_sd": 0,
  "dt": 0.016666666666666666,
  "substeps_per_frame": 4,
  "med": 450,
  "gravity": -1000,
  "screen_size": {
    "width": 900,
    "height": 900
  },
  "width": 800,
  "height": 600,
  "hole_width": 58.18181818181819,
  "hole_positions": [
    122.72727272727273,
    195.45454545454547,
    268.1818181818182,
    340.90909090909093,
    413.6363636363637,
    486.3636363636364,
    559.0909090909091,
    631.8181818181819,
    704.5454545454546,
    777.2727272727274
  ],
  "wall_elasticity": 0.2,
  "wall_friction": 0.9,
  "ground_elasticity": 0,
  "ground_friction": 2,
  "ground_y": 145.0,
  "divider_thickness": 4.4,
  "ball_radius": 15,
  "ball_mass": 10,
  "ball_elasticity": 0.2,
  "ball_friction": 0.5,
  "ball_initial_angle": 0,
  "obstacles": {
    "abstract": {
      "type": "abstract",
      "size": 90,
      "position": {
        "x": 697.0836206593073,
        "y": 458.2645175065185
      },
      "rotation": 0.6952415863104614,
      "elasticity": 0,
      "friction": 0,
      "shape": [
        [
          -40.54665308288266,
          22.72051418722363
        ],
        [
          -40.54665308288269,
          -26.32490441340457
        ],
        [
          -28.900062196572424,
          -75.41165718298927
        ],
        [
          -17.47391256684963,
          -88.18301753484127
        ],
        [
          17.99320478541471,
          -88.1830175348413
        ],
        [
          29.419354415137523,
          -75.4116571829893
        ],
        [
          41.0659453014478,
          -26.324904413404585
        ],
        [
          41.0659453014478,
          22.720514187223607
        ],
        [
          29.41935441513759,
          71.80726695680833
        ],
        [
          17.993204785414797,
          84.57862730866033
        ],
        [
          -17.473912566849584,
          84.57862730866037
        ],
        [
          -28.900062196572325,
          71.80726695680833
        ]
      ]
    },
    "abstract_upper": {
      "type": "abstract",
      "size": 90,
      "position": {
        "x": 452.0555424676662,
        "y": 599.3159546739608
      },
      "rotation": 0.02210025564687487,
      "elasticity": 0,
      "friction": 0,
      "shape": [
        [
          -78.10538528298007,
          39.897987892536854
        ],
        [
          -78.10538528298005,
          -43.67617980482944
        ],
        [
          -65.42331925296808,
          -58.29081134671203
        ],
        [
          -33.88328941180607,
          -80.71611610116585
        ],
        [
          -14.651093141840196,
          -82.84798864146556
        ],
        [
          15.237456585497378,
          -82.84798864146562
        ],
        [
          34.46965285546325,
          -80.7161161011659
        ],
        [
          66.00968269662528,
          -58.29081134671209
        ],
        [
          78.69174872663721,
          -43.67617980482945
        ],
        [
          78.69174872663721,
          39.89798789253677
        ],
        [
          66.00968269662523,
          54.51261943441935
        ],
        [
          34.469652855463245,
          76.9379241888732
        ],
        [
          15.237456585497368,
          79.06979672917292
        ],
        [
          -14.651093141840276,
          79.06979672917312
        ],
        [
          -33.88328941180614,
          76.9379241888733
        ],
        [
          -65.42331925296817,
          54.51261943441949
        ]
      ]
    },
    "abstract_lower": {
      "type": "abstract",
      "size": 90,
      "position": {
        "x": 273.03579267171824,
        "y": 345.4369085016961
      },
      "rotation": 0.8924993912596381,
      "elasticity": 0,
      "friction": 0,
      "shape": [
        [
          40.19014560023895,
          -80.52795909888437
        ],
        [
          40.190145600239056,
          77.74054650969698
        ],
        [
          20.775464467896175,
          78.19943005466843
        ],
        [
          -20.18697648489843,
          78.19943005466872
        ],
        [
          -39.601657617241315,
          77.74054650969714
        ],
        [
          -39.601657617241464,
          -80.52795909888431
        ],
        [
          -20.186976484898572,
          -80.98684264385574
        ],
        [
          20.775464467896068,
          -80.98684264385581
        ]
      ]
    }
  },
  "hole_dropped_into": 9
}