{
  "drop_noise": 0,
  "collision_noise_mean": 1,
  "collision_noise_sd": 0,
  "dt": 0.016666666666666666,
  "substeps_per_frame": 4,
  "med": 450,
  "gravity": -1000,
  "screen_size": {
    "width": 900,
    "height": 900
  },
  "width": 800,
  "height": 600,
  "hole_width": 58.18181818181819,
  "hole_positions": [
    122.72727272727273,
    195.45454545454547,
    268.1818181818182,
    340.90909090909093,
    413.6363636363637,
    486.3636363636364,
    559.0909090909091,
    631.8181818181819,
    704.5454545454546,
    777.2727272727274
  ],
  "wall_elasticity": 0.2,
  "wall_friction": 0.9,
  "ground_elasticity": 0,
  "ground_friction": 2,
  "ground_y": 145.0,
  "divider_thickness": 4.4,
  "ball_radius": 15,
  "ball_mass": 10,
  "ball_elasticity": 0.2,
  "ball_friction": 0.5,
  "ball_initial_angle": 0,
  "obstacles": {
    "abstract": {
      "type": "abstract",
      "size": 90,
      "position": {
        "x": 670.3573516889184,
        "y": 481.56891328092865
      },
      "rotation": 4.549044180530921,
      "elasticity": 0,
      "friction": 0,
      "shape": [
        [
          -7.773206765477681,
          -12.549898860273757
        ],
        [
          8.259032188319976,
          -12.549898860273755
        ],
        [
          10.152139509023336,
          3.370177475723079
        ],
        [
          20.004726985112264,
          16.01767548511935
        ],
        [
          35.530522905885036,
          20.01546823839991
        ],
        [
          44.00457276978569,
          6.405796501881346
        ],
        [
          59.02560705817588,
          0.8021178192057237
        ],
        [
          73.60104358426169,
          7.479642506221901
        ],
        [
          89.60636376359155,
          8.408303816282334
        ],
        [
          89.60636376359155,
          -7.623935137515324
        ],
        [
          73.60104358426169,
          -6.695273827454899
        ],
        [
          59.02560705817588,
          -0.01774914043871794
        ],
        [
          44.004572769785675,
          -5.621427823114296
        ],
        [
          35.53052290588502,
          -19.231099559632863
        ],
        [
          20.004726985112256,
          -15.233306806352273
        ],
        [
          10.152139509023328,
          -2.585808796956002
        ],
        [
          8.259032188319972,
          13.33426753904083
        ],
        [
          -7.773206765477684,
          13.334267539040882
        ],
        [
          -9.666314086181044,
          -2.5858087969559485
        ],
        [
          -19.51890156226993,
          -15.233306806352248
        ],
        [
          -35.044697483042704,
          -19.23109955963282
        ],
        [
          -43.51874734694337,
          -5.621427823114259
        ],
        [
          -58.539781635333554,
          -0.017749140438625386
        ],
        [
          -73.11521816141939,
          -6.695273827454778
        ],
        [
          -89.12053834074925,
          -7.62393513751525
        ],
        [
          -89.1205383407492,
          8.408303816282409
        ],
        [
          -73.11521816141934,
          7.479642506222025
        ],
        [
          -58.53978163533353,
          0.8021178192058003
        ],
        [
          -43.51874734694331,
          6.405796501881338
        ],
        [
          -35.04469748304265,
          20.015468238399897
        ],
        [
          -19.518901562269857,
          16.017675485119405
        ],
        [
          -9.666314086180853,
          3.3701774757231946
        ],
        [
          -7.773206765477524,
          -12.549898860273641
        ]
      ]
    },
    "abstract_upper": {
      "type": "abstract",
      "size": 90,
      "position": {
        "x": 201.6161436812584,
        "y": 585.0922128272658
      },
      "rotation": 0.8511571507984862,
      "elasticity": 0,
      "friction": 0,
      "shape": [
        [
          -9.681032876517351,
          60.19121615107917
        ],
        [
          10.286097431299837,
          60.19121615107917
        ],
        [
          11.698301833642,
          80.10834374155658
        ],
        [
          31.66188187126746,
          80.48486042202892
        ],
        [
          40.86031274574016,
          62.76269457874387
        ],
        [
          30.744062891007527,
          45.54793981412484
        ],
        [
          42.37184713305123,
          29.31584425163409
        ],
        [
          61.39224863598789,
          23.240433204105155
        ],
        [
          74.41269352993001,
          8.102589649187307
        ],
        [
          74.41269352993,
          -11.86454065862988
        ],
        [
          61.39224863598786,
          -27.00238421354774
        ],
        [
          42.3718471330512,
          -33.07779526107668
        ],
        [
          30.744062891007438,
          -49.309890823567386
        ],
        [
          40.86031274574005,
          -66.52464558818642
        ],
        [
          31.661881871267344,
          -84.24681143147147
        ],
        [
          11.698301833641885,
          -83.87029475099912
        ],
        [
          10.286097431299691,
          -63.95316716052171
        ],
        [
          -9.681032876517497,
          -63.9531671605216
        ],
        [
          -11.093237278859677,
          -83.87029475099902
        ],
        [
          -31.056817316485127,
          -84.24681143147139
        ],
        [
          -40.25524819095782,
          -66.52464558818633
        ],
        [
          -30.138998336225196,
          -49.309890823567294
        ],
        [
          -41.76678257826888,
          -33.07779526107654
        ],
        [
          -60.78718408120555,
          -27.002384213547636
        ],
        [
          -73.80762897514772,
          -11.8645406586298
        ],
        [
          -73.80762897514762,
          8.102589649187387
        ],
        [
          -60.787184081205545,
          23.24043320410528
        ],
        [
          -41.76678257826887,
          29.315844251634168
        ],
        [
          -30.138998336225068,
          45.54793981412484
        ],
        [
          -40.25524819095765,
          62.762694578743904
        ],
        [
          -31.05681731648506,
          80.484860422029
        ],
        [
          -11.093237278859593,
          80.10834374155687
        ],
        [
          -9.681032876517431,
          60.19121615107945
        ]
      ]
    },
    "abstract_lower": {
      "type": "abstract",
      "size": 90,
      "position": {
        "x": 355.7366924606929,
        "y": 302.4521608413446
      },
      "rotation": 1.973946147077913,
      "elasticity": 0,
      "friction": 0,