{
  "drop_noise": 0,
  "collision_noise_mean": 1,
  "collision_noise_sd": 0,
  "dt": 0.016666666666666666,
  "substeps_per_frame": 4,
  "med": 450,
  "gravity": -1000,
  "screen_size": {
    "width": 900,
    "height": 900
  },
  "width": 800,
  "height": 600,
  "hole_width": 58.18181818181819,
  "hole_positions": [
    122.72727272727273,
    195.45454545454547,
    268.1818181818182,
    340.90909090909093,
    413.6363636363637,
    486.3636363636364,
    559.0909090909091,
    631.8181818181819,
    704.5454545454546,
    777.2727272727274
  ],
  "wall_elasticity": 0.2,
  "wall_friction": 0.9,
  "ground_elasticity": 0,
  "ground_friction": 2,
  "ground_y": 145.0,
  "divider_thickness": 4.4,
  "ball_radius": 15,
  "ball_mass": 10,
  "ball_elasticity": 0.2,
  "ball_friction": 0.5,
  "ball_initial_angle": 0,
  "obstacles": {
    "abstract": {
      "type": "abstract",
      "size": 90,
      "position": {
        "x": 670.3573516889184,
        "y": 481.56891328092865
      },
      "rotation": 4.549044180530921,
      "elasticity": 0,
      "friction": 0,
      "shape": [
        [
          -89.12053834074925,
          -7.62393513751525
        ],
        [
          -35.044697483042704,
          -19.23109955963282
        ],
        [
          35.53052290588502,
          -19.231099559632863
        ],
        [
          89.60636376359155,
          -7.623935137515324
        ],
        [
          89.60636376359155,
          8.408303816282334
        ],
        [
          35.530522905885036,
          20.01546823839991
        ],
        [
          -35.04469748304265,
          20.015468238399897
        ],
        [
          -89.1205383407492,
          8.408303816282409
        ]
      ]
    },
    "abstract_upper": {
      "type": "abstract",
      "size": 90,
      "position": {
        "x": 201.6161436812584,
        "y": 585.0922128272658
      },
      "rotation": 0.8511571507984862,
      "elasticity": 0,
      "friction": 0,
      "shape": [
        [
          -73.80762897514772,
          -11.8645406586298
        ],
        [
          -31.056817316485127,
          -84.24681143147139
        ],
        [
          31.661881871267344,
          -84.24681143147147
        ],
        [
          74.41269352993,
          -11.86454065862988
        ],
        [
          74.41269352993001,
          8.102589649187307
        ],
        [
          31.66188187126746,
          80.48486042202892
        ],
        [
          -31.05681731648506,
          80.484860422029
        ],
        [
          -73.80762897514762,
          8.102589649187387
        ]
      ]
    },
    "abstract_lower": {
      "type": "abstract",
      "size": 90,
      "position": {
        "x": 355.7366924606929,
        "y": 302.4521608413446
      },
      "rotation": 1.973946147077913,
      "elasticity": 0,
      "friction": 0,
      "shape": [
        [
          -14.770168310431766,
          16.805000907481652
        ],
        [
          -75.00766054473382,
          14.336584102808539
        ],
        [
          -89.16724825834658,
          8.082780170829706
        ],
        [
          -89.16724825834658,
          -7.396366699690222
        ],
        [
          -75.00766054473382,
          -13.65017063166902
        ],
        [
          -14.770168310431742,
          -16.118587436342143
        ],
        [
          15.239233367114167,
          -16.11858743634219
        ],
        [
          75.47672560141626,
          -13.650170631669113
        ],
        [
          89.636313315029,
          -7.396366699690287
        ],
        [
          89.636313315029,
          8.08278017082964
        ],
        [
          75.47672560141623,
          14.336584102808457
        ],
        [
          15.239233367114156,
          16.805000907481567
        ]
      ]
    }
  },
  "hole_dropped_into": 9
}