{
  "drop_noise": 0,
  "collision_noise_mean": 1,
  "collision_noise_sd": 0,
  "dt": 0.016666666666666666,
  "substeps_per_frame": 4,
  "med": 450,
  "gravity": -1000,
  "screen_size": {
    "width": 900,
    "height": 900
  },
  "width": 800,
  "height": 600,
  "hole_width": 58.18181818181819,
  "hole_positions": [
    122.72727272727273,
    195.45454545454547,
    268.1818181818182,
    340.90909090909093,
    413.6363636363637,
    486.3636363636364,
    559.0909090909091,
    631.8181818181819,
    704.5454545454546,
    777.2727272727274
  ],
  "wall_elasticity": 0.2,
  "wall_friction": 0.9,
  "ground_elasticity": 0,
  "ground_friction": 2,
  "ground_y": 145.0,
  "divider_thickness": 4.4,
  "ball_radius": 15,
  "ball_mass": 10,
  "ball_elasticity": 0.2,
  "ball_friction": 0.5,
  "ball_initial_angle": 0,
  "obstacles": {
    "abstract": {
      "type": "abstract",
      "size": 90,
      "position": {
        "x": 481.0521732602114,
        "y": 450.73644324731356
      },
      "rotation": 2.7293286747358843,
      "elasticity": 0,
      "friction": 0,
      "shape": [
        [
          -8.426003931709657,
          54.349355955628646
        ],
        [
          8.952629177441484,
          54.349355955628646
        ],
        [
          4.4647403212912415,
          71.13851145426307
        ],
        [
          14.312200970908625,
          85.4578832106189
        ],
        [
          28.128109740034706,
          74.91570347274359
        ],
        [
          25.206326923172764,
          57.78444333480934
        ],
        [
          23.841591930987608,
          40.45947905941791
        ],
        [
          30.30782190146217,
          24.328615514293595
        ],
        [
          29.115982529979913,
          6.9908991809621215
        ],
        [
          29.115982529979902,
          -10.387733928189018
        ],
        [
          30.30782190146217,
          -27.725450261520496
        ],
        [
          23.841591930987608,
          -43.85631380664482
        ],
        [
          25.20632692317273,
          -61.18127808203625
        ],
        [
          28.12810974003466,
          -78.3125382199705
        ],
        [
          14.312200970908563,
          -88.85471795784579
        ],
        [
          4.464740321291179,
          -74.53534620148996
        ],
        [
          8.952629177441453,
          -57.74619070285553
        ],
        [
          -8.426003931709687,
          -57.74619070285546
        ],
        [
          -3.938115075559441,
          -74.53534620148986
        ],
        [
          -13.785575725176795,
          -88.85471795784572
        ],
        [
          -27.601484494302888,
          -78.3125382199704
        ],
        [
          -24.679701677440956,
          -61.181278082036165
        ],
        [
          -23.314966685255776,
          -43.85631380664474
        ],
        [
          -29.781196655730323,
          -27.72545026152042
        ],
        [
          -28.589357284248106,
          -10.38773392818894
        ],
        [
          -28.589357284248013,
          6.990899180962199
        ],
        [
          -29.78119665573032,
          24.32861551429367
        ],
        [
          -23.31496668525576,
          40.459479059417994
        ],
        [
          -24.679701677440878,
          57.78444333480943
        ],
        [
          -27.601484494302753,
          74.91570347274369
        ],
        [
          -13.785575725176727,
          85.45788321061909
        ],
        [
          -3.938115075559215,
          71.13851145426334
        ],
        [
          -8.426003931709484,
          54.349355955628916
        ]
      ]
    },
    "abstract_upper": {
      "type": "abstract",
      "size": 90,
      "position": {
        "x": 241.638551629458,
        "y": 570.4420501915071
      },
      "rotation": 1.8295475829588246,
      "elasticity": 0,
      "friction": 0,
      "shape": [
        [
          -6.745492335384355,
          3.2254391686747814
        ],
        [
          7.167085606345916,
          3.2254391686747828
        ],
        [
          16.491126258234978,
          13.551236518353884
        ],
        [
          29.92376051493519,
          9.928508001000761
        ],
        [
          41.60166423841075,
          17.490676315046365
        ],
        [
          53.57742939238868,
          24.571698413690573
        ],
        [
          67.44816368524599,
          23.493479900738805
        ],
        [
          78.25057353673684,
          14.72605346049232
        ],
        [
          89.72289321123583,
          6.855493996844078
        ],
        [
          89.72289321123583,
          -7.057083944886195
        ],
        [
          78.25057353673684,
          -14.927643408534431
        ],
        [
          67.44816368524599,
          -23.695069848780935
        ],
        [
          53.57742939238868,
          -24.77328836173271
        ],
        [
          41.60166423841075,
          -17.692266263088502
        ],
        [
          29.923760514935186,
          -10.1300979490429
        ],
        [
          16.49112625823497,
          -13.752826466396032
        ],
        [
          7.167085606345875,
          -3.4270291167169615
        ],
        [
          -6.745492335384398,
          -3.427029116716926
        ],
        [
          -16.069532987273462,
          -13.75282646639603
        ],
        [
          -29.502167243973673,
          -10.130097949042913
        ],
        [
          -41.18007096744924,
          -17.692266263088513
        ],
        [
          -53.155836121427164,
          -24.77328836173274
        ],
        [
          -67.02657041428446,
          -23.695069848780975
        ],
        [
          -77.82898026577533,
          -14.927643408534491
        ],
        [
          -89.30129994027432,
          -7.057083944886241
        ],
        [
          -89.30129994027432,
          6.8554939968440305
        ],
        [
          -77.82898026577534,
          14.726053460492283
        ],
        [
          -67.02657041428446,
          23.493479900738727
        ],
        [
          -53.15583612142715,
          24.571698413690513
        ],
        [
          -41.18007096744922,
          17.490676315046304
        ],
        [
          -29.50216724397366,
          9.928508001000697
        ],
        [
          -16.06953298727344,
          13.551236518353829
        ],
        [
          -6.745492335384359,
          3.2254391686747472
        ]
      ]
    },
    "abstract_lower": {
      "type": "abstract",
      "size": 90,
      "position": {
        "x": 366.1409381450637,
        "y": 318.9124229626018
      },
      "rotation": 4.978324699096512,
      "elasticity": 0,
      "friction": 0,