{
  "drop_noise": 0,
  "collision_noise_mean": 1,
  "collision_noise_sd": 0,
  "dt": 0.016666666666666666,
  "substeps_per_frame": 4,
  "med": 450,
  "gravity": -1000,
  "screen_size": {
    "width": 900,
    "height": 900
  },
  "width": 800,
  "height": 600,
  "hole_width": 58.18181818181819,
  "hole_positions": [
    122.72727272727273,
    195.45454545454547,
    268.1818181818182,
    340.90909090909093,
    413.6363636363637,
    486.3636363636364,
    559.0909090909091,
    631.8181818181819,
    704.5454545454546,
    777.2727272727274
  ],
  "wall_elasticity": 0.2,
  "wall_friction": 0.9,
  "ground_elasticity": 0,
  "ground_friction": 2,
  "ground_y": 145.0,
  "divider_thickness": 4.4,
  "ball_radius": 15,
  "ball_mass": 10,
  "ball_elasticity": 0.2,
  "ball_friction": 0.5,
  "ball_initial_angle": 0,
  "obstacles": {
    "abstract": {
      "type": "abstract",
      "size": 90,
      "position": {
        "x": 481.0521732602114,
        "y": 450.73644324731356
      },
      "rotation": 2.7293286747358843,
      "elasticity": 0,
      "friction": 0,
      "shape": [
        [
          -13.785575725176727,
          85.45788321061909
        ],
        [
          -27.601484494302753,
          74.91570347274369
        ],
        [
          -29.78119665573032,
          24.32861551429367
        ],
        [
          -29.781196655730323,
          -27.72545026152042
        ],
        [
          -27.601484494302888,
          -78.3125382199704
        ],
        [
          -13.785575725176795,
          -88.85471795784572
        ],
        [
          14.312200970908563,
          -88.85471795784579
        ],
        [
          28.12810974003466,
          -78.3125382199705
        ],
        [
          30.30782190146217,
          -27.725450261520496
        ],
        [
          30.30782190146217,
          24.328615514293595
        ],
        [
          28.128109740034706,
          74.91570347274359
        ],
        [
          14.312200970908625,
          85.4578832106189
        ]
      ]
    },
    "abstract_upper": {
      "type": "abstract",
      "size": 90,
      "position": {
        "x": 241.638551629458,
        "y": 570.4420501915071
      },
      "rotation": 1.8295475829588246,
      "elasticity": 0,
      "friction": 0,
      "shape": [
        [
          -89.30129994027432,
          -7.057083944886241
        ],
        [
          -67.02657041428446,
          -23.695069848780975
        ],
        [
          -53.155836121427164,
          -24.77328836173274
        ],
        [
          53.57742939238868,
          -24.77328836173271
        ],
        [
          67.44816368524599,
          -23.695069848780935
        ],
        [
          89.72289321123583,
          -7.057083944886195
        ],
        [
          89.72289321123583,
          6.855493996844078
        ],
        [
          67.44816368524599,
          23.493479900738805
        ],
        [
          53.57742939238868,
          24.571698413690573
        ],
        [
          -53.15583612142715,
          24.571698413690513
        ],
        [
          -67.02657041428446,
          23.493479900738727
        ],
        [
          -89.30129994027432,
          6.8554939968440305
        ]
      ]
    },
    "abstract_lower": {
      "type": "abstract",
      "size": 90,
      "position": {
        "x": 366.1409381450637,
        "y": 318.9124229626018
      },
      "rotation": 4.978324699096512,
      "elasticity": 0,
      "friction": 0,
      "shape": [
        [
          -11.251048444579222,
          31.02250656475521
        ],
        [
          -89.04637513131259,
          8.653049359304486
        ],
        [
          -89.04637513131257,
          -8.749239147968241
        ],
        [
          -11.251048444579178,
          -31.118696353418986
        ],
        [
          11.778390520557137,
          -31.118696353419015
        ],
        [
          89.57371720729054,
          -8.749239147968364
        ],
        [
          89.57371720729053,
          8.653049359304363
        ],
        [
          11.778390520557124,
          31.02250656475505
        ]
      ]
    }
  },
  "hole_dropped_into": 9
}