{
  "drop_noise": 0,
  "collision_noise_mean": 1,
  "collision_noise_sd": 0,
  "dt": 0.016666666666666666,
  "substeps_per_frame": 4,
  "med": 450,
  "gravity": -1000,
  "screen_size": {
    "width": 900,
    "height": 900
  },
  "width": 800,
  "height": 600,
  "hole_width": 58.18181818181819,
  "hole_positions": [
    122.72727272727273,
    195.45454545454547,
    268.1818181818182,
    340.90909090909093,
    413.6363636363637,
    486.3636363636364,
    559.0909090909091,
    631.8181818181819,
    704.5454545454546,
    777.2727272727274
  ],
  "wall_elasticity": 0.2,
  "wall_friction": 0.9,
  "ground_elasticity": 0,
  "ground_friction": 2,
  "ground_y": 145.0,
  "divider_thickness": 4.4,
  "ball_radius": 15,
  "ball_mass": 10,
  "ball_elasticity": 0.2,
  "ball_friction": 0.5,
  "ball_initial_angle": 0,
  "obstacles": {
    "abstract": {
      "type": "abstract",
      "size": 90,
      "position": {
        "x": 724.8144067298823,
        "y": 434.6362516546548
      },
      "rotation": 2.4133147894495273,
      "elasticity": 0,
      "friction": 0,
      "shape": [
        [
          -9.236342584768197,
          56.15393234214807
        ],
        [
          9.81361399631624,
          56.15393234214807
        ],
        [
          17.660329732210332,
          73.51278881085805
        ],
        [
          36.68335708403546,
          74.52534800069111
        ],
        [
          54.350280881342336,
          67.3992937431546
        ],
        [
          68.59674994193776,
          54.752595950975824
        ],
        [
          78.88172579630462,
          38.7176304874554
        ],
        [
          65.9737657543801,
          24.707440863568014
        ],
        [
          57.254268609298585,
          7.770167904850088
        ],
        [
          57.25426860929858,
          -11.279788676234348
        ],
        [
          65.97376575438007,
          -28.217061634952294
        ],
        [
          78.88172579630461,
          -42.22725125883967
        ],
        [
          68.59674994193779,
          -58.26221672236012
        ],
        [
          54.35028088134235,
          -70.90891451453888
        ],
        [
          36.683357084035464,
          -78.0349687720754
        ],
        [
          17.66032973221034,
          -77.02240958224233
        ],
        [
          9.813613996316223,
          -59.663553113532366
        ],
        [
          -9.236342584768215,
          -59.663553113532295
        ],
        [
          -17.0830583206623,
          -77.02240958224229
        ],
        [
          -36.106085672487424,
          -78.03496877207536
        ],
        [
          -53.77300946979432,
          -70.90891451453888
        ],
        [
          -68.01947853038973,
          -58.26221672236011
        ],
        [
          -78.30445438475661,
          -42.22725125883969
        ],
        [
          -65.39649434283213,
          -28.217061634952245
        ],
        [
          -56.676997197750616,
          -11.279788676234324
        ],
        [
          -56.676997197750545,
          7.770167904850115
        ],
        [
          -65.3964943428321,
          24.707440863568017
        ],
        [
          -78.30445438475658,
          38.71763048745545
        ],
        [
          -68.01947853038976,
          54.752595950975895
        ],
        [
          -53.773009469794296,
          67.39929374315463
        ],
        [
          -36.106085672487424,
          74.52534800069114
        ],
        [
          -17.0830583206623,
          73.51278881085817
        ],
        [
          -9.236342584768195,
          56.1539323421482
        ]
      ]
    },
    "abstract_upper": {
      "type": "abstract",
      "size": 90,
      "position": {
        "x": 423.21838916755445,
        "y": 556.6036423181815
      },
      "rotation": 4.704357877430001,
      "elasticity": 0,
      "friction": 0,
      "shape": [
        [
          -10.944206820216268,
          24.75684220532127
        ],
        [
          11.62821974647964,
          24.756842205321274
        ],
        [
          10.438756775506649,
          47.297907374242726
        ],
        [
          11.008338749867498,
          69.86314651508415
        ],
        [
          28.836226970322425,
          83.70803158892438
        ],
        [
          40.60552459740634,
          64.44672128889557
        ],
        [
          53.2135590186542,
          45.723689773099096
        ],
        [
          65.37919926787154,
          26.710230370993905
        ],
        [
          81.10020366644397,
          10.512561964431622
        ],
        [
          81.10020366644397,
          -12.059864602264282
        ],
        [
          65.37919926787154,
          -28.257533008826552
        ],
        [
          53.213559018654195,
          -47.27099241093175
        ],
        [
          40.6055245974063,
          -65.99402392672822
        ],
        [
          28.836226970322404,
          -85.25533422675704
        ],
        [
          11.008338749867494,
          -71.41044915291681
        ],
        [
          10.438756775506661,
          -48.84521001207536
        ],
        [
          11.628219746479687,
          -26.304144843153917
        ],
        [
          -10.944206820216223,
          -26.304144843153836
        ],
        [
          -9.754743849243225,
          -48.84521001207528
        ],
        [
          -10.324325823604037,
          -71.41044915291671
        ],
        [
          -28.152214044058933,
          -85.25533422675699
        ],
        [
          -39.92151167114286,
          -65.99402392672818
        ],
        [
          -52.529546092390724,
          -47.27099241093168
        ],
        [
          -64.69518634160806,
          -28.257533008826492
        ],
        [
          -80.41619074018053,
          -12.059864602264252
        ],
        [
          -80.41619074018044,
          10.512561964431656
        ],
        [
          -64.69518634160808,
          26.710230370993994
        ],
        [
          -52.5295460923907,
          45.72368977309916
        ],
        [
          -39.9215116711428,
          64.44672128889562
        ],
        [
          -28.15221404405887,
          83.70803158892443
        ],
        [
          -10.324325823603868,
          69.86314651508431
        ],
        [
          -9.754743849242914,
          47.29790737424286
        ],
        [
          -10.944206820215934,
          24.75684220532142
        ]
      ]
    },
    "abstract_lower": {
      "type": "abstract",
      "size": 90,
      "position": {
        "x": 271.7711435859969,
        "y": 296.8678906179646
      },
      "rotation": 1.2781235189426123,
      "elasticity": 0,
      "friction": 0,