{
  "drop_noise": 0,
  "collision_noise_mean": 1,
  "collision_noise_sd": 0,
  "dt": 0.016666666666666666,
  "substeps_per_frame": 4,
  "med": 450,
  "gravity": -1000,
  "screen_size": {
    "width": 900,
    "height": 900
  },
  "width": 800,
  "height": 600,
  "hole_width": 58.18181818181819,
  "hole_positions": [
    122.72727272727273,
    195.45454545454547,
    268.1818181818182,
    340.90909090909093,
    413.6363636363637,
    486.3636363636364,
    559.0909090909091,
    631.8181818181819,
    704.5454545454546,
    777.2727272727274
  ],
  "wall_elasticity": 0.2,
  "wall_friction": 0.9,
  "ground_elasticity": 0,
  "ground_friction": 2,
  "ground_y": 145.0,
  "divider_thickness": 4.4,
  "ball_radius": 15,
  "ball_mass": 10,
  "ball_elasticity": 0.2,
  "ball_friction": 0.5,
  "ball_initial_angle": 0,
  "obstacles": {
    "abstract": {
      "type": "abstract",
      "size": 90,
      "position": {
        "x": 724.8144067298823,
        "y": 434.6362516546548
      },
      "rotation": 2.4133147894495273,
      "elasticity": 0,
      "friction": 0,
      "shape": [
        [
          -78.30445438475658,
          38.71763048745545
        ],
        [
          -78.30445438475661,
          -42.22725125883969
        ],
        [
          -68.01947853038973,
          -58.26221672236011
        ],
        [
          -53.77300946979432,
          -70.90891451453888
        ],
        [
          -36.106085672487424,
          -78.03496877207536
        ],
        [
          36.683357084035464,
          -78.0349687720754
        ],
        [
          54.35028088134235,
          -70.90891451453888
        ],
        [
          68.59674994193779,
          -58.26221672236012
        ],
        [
          78.88172579630461,
          -42.22725125883967
        ],
        [
          78.88172579630462,
          38.7176304874554
        ],
        [
          68.59674994193776,
          54.752595950975824
        ],
        [
          54.350280881342336,
          67.3992937431546
        ],
        [
          36.68335708403546,
          74.52534800069111
        ],
        [
          -36.106085672487424,
          74.52534800069114
        ],
        [
          -53.773009469794296,
          67.39929374315463
        ],
        [
          -68.01947853038976,
          54.752595950975895
        ]
      ]
    },
    "abstract_upper": {
      "type": "abstract",
      "size": 90,
      "position": {
        "x": 423.21838916755445,
        "y": 556.6036423181815
      },
      "rotation": 4.704357877430001,
      "elasticity": 0,
      "friction": 0,
      "shape": [
        [
          -80.41619074018053,
          -12.059864602264252
        ],
        [
          -28.152214044058933,
          -85.25533422675699
        ],
        [
          28.836226970322404,
          -85.25533422675704
        ],
        [
          81.10020366644397,
          -12.059864602264282
        ],
        [
          81.10020366644397,
          10.512561964431622
        ],
        [
          28.836226970322425,
          83.70803158892438
        ],
        [
          -28.15221404405887,
          83.70803158892443
        ],
        [
          -80.41619074018044,
          10.512561964431656
        ]
      ]
    },
    "abstract_lower": {
      "type": "abstract",
      "size": 90,
      "position": {
        "x": 271.7711435859969,
        "y": 296.8678906179646
      },
      "rotation": 1.2781235189426123,
      "elasticity": 0,
      "friction": 0,
      "shape": [
        [
          -87.2053089746518,
          9.32816605464698
        ],
        [
          -87.20530897465184,
          -13.099040796801006
        ],
        [
          -52.0746039819798,
          -67.41791901307911
        ],
        [
          -35.42309422153271,
          -82.4414615332496
        ],
        [
          -13.347157729976281,
          -86.39527427266997
        ],
        [
          14.026770058807942,
          -86.3952742726701
        ],
        [
          36.10270655036436,
          -82.44146153324964
        ],
        [
          52.75421631081146,
          -67.41791901307917
        ],
        [
          87.88492130348358,
          -13.099040796801114
        ],
        [
          87.88492130348358,
          9.32816605464687
        ],
        [
          52.75421631081153,
          63.64704427092494
        ],
        [
          36.10270655036444,
          78.67058679109543
        ],
        [
          14.026770058808022,
          82.62439953051589
        ],
        [
          -13.347157729976214,
          82.62439953051627
        ],
        [
          -35.4230942215326,
          78.67058679109566
        ],
        [
          -52.0746039819796,
          63.64704427092507
        ]
      ]
    }
  },
  "hole_dropped_into": 9
}