{
  "drop_noise": 0,
  "collision_noise_mean": 1,
  "collision_noise_sd": 0,
  "dt": 0.016666666666666666,
  "substeps_per_frame": 4,
  "med": 450,
  "gravity": -1000,
  "screen_size": {
    "width": 900,
    "height": 900
  },
  "width": 800,
  "height": 600,
  "hole_width": 58.18181818181819,
  "hole_positions": [
    122.72727272727273,
    195.45454545454547,
    268.1818181818182,
    340.90909090909093,
    413.6363636363637,
    486.3636363636364,
    559.0909090909091,
    631.8181818181819,
    704.5454545454546,
    777.2727272727274
  ],
  "wall_elasticity": 0.2,
  "wall_friction": 0.9,
  "ground_elasticity": 0,
  "ground_friction": 2,
  "ground_y": 145.0,
  "divider_thickness": 4.4,
  "ball_radius": 15,
  "ball_mass": 10,
  "ball_elasticity": 0.2,
  "ball_friction": 0.5,
  "ball_initial_angle": 0,
  "obstacles": {
    "abstract": {
      "type": "abstract",
      "size": 90,
      "position": {
        "x": 170.56006285441867,
        "y": 465.55195052495793
      },
      "rotation": 2.7010545483220225,
      "elasticity": 0,
      "friction": 0,
      "shape": [
        [
          -9.794240099043297,
          44.02046552240673
        ],
        [
          10.406380105233445,
          44.02046552240673
        ],
        [
          7.0376763496177395,
          63.93821870002027
        ],
        [
          14.661844200213848,
          82.64482505241274
        ],
        [
          34.72362002411548,
          80.28046310276345
        ],
        [
          24.48451571605162,
          62.86708320091724
        ],
        [
          14.339378915944424,
          45.39879032655357
        ],
        [
          20.00263256324376,
          26.0082613300619
        ],
        [
          30.459331207774294,
          8.724670554563104
        ],
        [
          30.459331207774284,
          -11.475949649713634
        ],
        [
          20.00263256324374,
          -28.75954042521242
        ],
        [
          14.339378915944389,
          -48.15006942170409
        ],
        [
          24.48451571605154,
          -65.61836229606779
        ],
        [
          34.72362002411541,
          -83.031742197914
        ],
        [
          14.661844200213768,
          -85.39610414756326
        ],
        [
          7.037676349617666,
          -66.68949779517078
        ],
        [
          10.406380105233396,
          -46.771744617557246
        ],
        [
          -9.794240099043346,
          -46.77174461755717
        ],
        [
          -6.425536343427635,
          -66.68949779517072
        ],
        [
          -14.049704194023684,
          -85.3961041475632
        ],
        [
          -34.111480017925324,
          -83.03174219791394
        ],
        [
          -23.872375709861494,
          -65.61836229606772
        ],
        [
          -13.72723890975427,
          -48.150069421704075
        ],
        [
          -19.390492557053555,
          -28.75954042521239
        ],
        [
          -29.847191201584142,
          -11.475949649713627
        ],
        [
          -29.847191201584042,
          8.724670554563113
        ],
        [
          -19.39049255705357,
          26.008261330061945
        ],
        [
          -13.727238909754185,
          45.39879032655361
        ],
        [
          -23.87237570986131,
          62.86708320091731
        ],
        [
          -34.111480017925146,
          80.28046310276353
        ],
        [
          -14.049704194023526,
          82.64482505241297
        ],
        [
          -6.4255363434272725,
          63.93821870002057
        ],
        [
          -9.79424009904298,
          44.02046552240703
        ]
      ]
    },
    "abstract_upper": {
      "type": "abstract",
      "size": 90,
      "position": {
        "x": 556.0793369919617,
        "y": 590.3621406324937
      },
      "rotation": 5.698815211935023,
      "elasticity": 0,
      "friction": 0,
      "shape": [
        [
          -8.640959737416111,
          55.703821663888874
        ],
        [
          9.18101972100449,
          55.703821663888874
        ],
        [
          0.24735547528320623,
          71.12499525609925
        ],
        [
          10.146826425553474,
          85.94469251080461
        ],
        [
          23.795043204662168,
          74.48392767739048
        ],
        [
          31.323218430122733,
          58.329995351448055
        ],
        [
          28.955896173952993,
          40.6659432355883
        ],
        [
          20.601514632029634,
          24.923412915835506
        ],
        [
          19.036908771431325,
          7.170245302213775
        ],
        [
          19.036908771431325,
          -10.651734156206828
        ],
        [
          20.601514632029634,
          -28.40490176982856
        ],
        [
          28.955896173952993,
          -44.147432089581365
        ],
        [
          31.32321843012276,
          -61.81148420544111
        ],
        [
          23.795043204662193,
          -77.96541653138353
        ],
        [
          10.146826425553497,
          -89.42618136479767
        ],
        [
          0.24735547528322008,
          -74.60648411009235
        ],
        [
          9.181019721004523,
          -59.18531051788197
        ],
        [
          -8.64095973741608,
          -59.18531051788189
        ],
        [
          0.2927045083052212,
          -74.60648411009225
        ],
        [
          -9.60676644196501,
          -89.42618136479764
        ],
        [
          -23.254983221073722,
          -77.96541653138353
        ],
        [
          -30.78315844653426,
          -61.81148420544109
        ],
        [
          -28.415836190364505,
          -44.14743208958134
        ],
        [
          -20.061454648441128,
          -28.40490176982856
        ],
        [
          -18.496848787842826,
          -10.651734156206835
        ],
        [
          -18.49684878784278,
          7.170245302213767
        ],
        [
          -20.06145464844114,
          24.923412915835492
        ],
        [
          -28.41583619036449,
          40.665943235588294
        ],
        [
          -30.78315844653426,
          58.329995351448034
        ],
        [
          -23.25498322107365,
          74.48392767739044
        ],
        [
          -9.606766441965004,
          85.94469251080463
        ],
        [
          0.29270450830540523,
          71.12499525609937
        ],
        [
          -8.640959737415882,
          55.703821663888995
        ]
      ]
    },
    "abstract_lower": {
      "type": "abstract",
      "size": 90,
      "position": {
        "x": 363.13477208860064,
        "y": 319.1278621407737
      },
      "rotation": 6.265198700101506,
      "elasticity": 0,
      "friction": 0,