{
  "drop_noise": 0,
  "collision_noise_mean": 1,
  "collision_noise_sd": 0,
  "dt": 0.016666666666666666,
  "substeps_per_frame": 4,
  "med": 450,
  "gravity": -1000,
  "screen_size": {
    "width": 900,
    "height": 900
  },
  "width": 800,
  "height": 600,
  "hole_width": 58.18181818181819,
  "hole_positions": [
    122.72727272727273,
    195.45454545454547,
    268.1818181818182,
    340.90909090909093,
    413.6363636363637,
    486.3636363636364,
    559.0909090909091,
    631.8181818181819,
    704.5454545454546,
    777.2727272727274
  ],
  "wall_elasticity": 0.2,
  "wall_friction": 0.9,
  "ground_elasticity": 0,
  "ground_friction": 2,
  "ground_y": 145.0,
  "divider_thickness": 4.4,
  "ball_radius": 15,
  "ball_mass": 10,
  "ball_elasticity": 0.2,
  "ball_friction": 0.5,
  "ball_initial_angle": 0,
  "obstacles": {
    "abstract": {
      "type": "abstract",
      "size": 90,
      "position": {
        "x": 170.56006285441867,
        "y": 465.55195052495793
      },
      "rotation": 2.7010545483220225,
      "elasticity": 0,
      "friction": 0,
      "shape": [
        [
          -34.111480017925146,
          80.28046310276353
        ],
        [
          -34.111480017925324,
          -83.03174219791394
        ],
        [
          -14.049704194023684,
          -85.3961041475632
        ],
        [
          14.661844200213768,
          -85.39610414756326
        ],
        [
          34.72362002411541,
          -83.031742197914
        ],
        [
          34.72362002411548,
          80.28046310276345
        ],
        [
          14.661844200213848,
          82.64482505241274
        ],
        [
          -14.049704194023526,
          82.64482505241297
        ]
      ]
    },
    "abstract_upper": {
      "type": "abstract",
      "size": 90,
      "position": {
        "x": 556.0793369919617,
        "y": 590.3621406324937
      },
      "rotation": 5.698815211935023,
      "elasticity": 0,
      "friction": 0,
      "shape": [
        [
          31.32321843012276,
          -61.81148420544111
        ],
        [
          31.323218430122733,
          58.329995351448055
        ],
        [
          23.795043204662168,
          74.48392767739048
        ],
        [
          10.146826425553474,
          85.94469251080461
        ],
        [
          -9.606766441965004,
          85.94469251080463
        ],
        [
          -23.25498322107365,
          74.48392767739044
        ],
        [
          -30.78315844653426,
          58.329995351448034
        ],
        [
          -30.78315844653426,
          -61.81148420544109
        ],
        [
          -23.254983221073722,
          -77.96541653138353
        ],
        [
          -9.60676644196501,
          -89.42618136479764
        ],
        [
          10.146826425553497,
          -89.42618136479767
        ],
        [
          23.795043204662193,
          -77.96541653138353
        ]
      ]
    },
    "abstract_lower": {
      "type": "abstract",
      "size": 90,
      "position": {
        "x": 363.13477208860064,
        "y": 319.1278621407737
      },
      "rotation": 6.265198700101506,
      "elasticity": 0,
      "friction": 0,
      "shape": [
        [
          -5.676380689687317,
          84.3462760211618
        ],
        [
          -23.75137609981347,
          82.50377691362473
        ],
        [
          -61.19830641079218,
          7.007776966022034
        ],
        [
          -61.19830641079223,
          -11.160884570738354
        ],
        [
          -23.751376099813534,
          -86.65688451834107
        ],
        [
          -5.676380689687347,
          -88.49938362587784
        ],
        [
          6.226946190801219,
          -88.49938362587794
        ],
        [
          24.301941600927396,
          -86.65688451834114
        ],
        [
          61.74887191190617,
          -11.16088457073842
        ],
        [
          61.74887191190617,
          7.007776966021969
        ],
        [
          24.301941600927446,
          82.5037769136247
        ],
        [
          6.226946190801268,
          84.34627602116149
        ]
      ]
    }
  },
  "hole_dropped_into": 9
}