{
  "drop_noise": 0,
  "collision_noise_mean": 1,
  "collision_noise_sd": 0,
  "dt": 0.016666666666666666,
  "substeps_per_frame": 4,
  "med": 450,
  "gravity": -1000,
  "screen_size": {
    "width": 900,
    "height": 900
  },
  "width": 800,
  "height": 600,
  "hole_width": 58.18181818181819,
  "hole_positions": [
    122.72727272727273,
    195.45454545454547,
    268.1818181818182,
    340.90909090909093,
    413.6363636363637,
    486.3636363636364,
    559.0909090909091,
    631.8181818181819,
    704.5454545454546,
    777.2727272727274
  ],
  "wall_elasticity": 0.2,
  "wall_friction": 0.9,
  "ground_elasticity": 0,
  "ground_friction": 2,
  "ground_y": 145.0,
  "divider_thickness": 4.4,
  "ball_radius": 15,
  "ball_mass": 10,
  "ball_elasticity": 0.2,
  "ball_friction": 0.5,
  "ball_initial_angle": 0,
  "obstacles": {
    "abstract": {
      "type": "abstract",
      "size": 90,
      "position": {
        "x": 323.91724312441653,
        "y": 469.6429078225138
      },
      "rotation": 3.3761358114711038,
      "elasticity": 0,
      "friction": 0,
      "shape": [
        [
          -11.86941122918301,
          -3.571139965381561
        ],
        [
          12.611249431006879,
          -3.5711399653815565
        ],
        [
          6.4955381703612245,
          20.133307341733218
        ],
        [
          11.18620456076248,
          44.16038363439373
        ],
        [
          30.974556048112394,
          58.573013226958196
        ],
        [
          54.912411605002276,
          53.44643369506317
        ],
        [
          77.91016269537747,
          45.05559397877042
        ],
        [
          64.78959661588154,
          24.387901990719378
        ],
        [
          43.47204311218242,
          12.351928454013052
        ],
        [
          43.47204311218241,
          -12.128732206176837
        ],
        [
          64.78959661588149,
          -24.164705742883193
        ],
        [
          77.91016269537745,
          -44.83239773093423
        ],
        [
          54.912411605002276,
          -53.22323744722701
        ],
        [
          30.97455604811239,
          -58.349816979122004
        ],
        [
          11.186204560762485,
          -43.93718738655752
        ],
        [
          6.495538170361268,
          -19.910111093896994
        ],
        [
          12.61124943100694,
          3.7943362132177727
        ],
        [
          -11.86941122918295,
          3.794336213217846
        ],
        [
          -5.753699968537288,
          -19.910111093896926
        ],
        [
          -10.444366358938563,
          -43.93718738655743
        ],
        [
          -30.232717846288455,
          -58.34981697912193
        ],
        [
          -54.17057340317833,
          -53.223237447226886
        ],
        [
          -77.16832449355353,
          -44.83239773093413
        ],
        [
          -64.04775841405774,
          -24.164705742882983
        ],
        [
          -42.73020491035865,
          -12.128732206176641
        ],
        [
          -42.73020491035848,
          12.351928454013247
        ],
        [
          -64.04775841405763,
          24.387901990719502
        ],
        [
          -77.16832449355351,
          45.05559397877059
        ],
        [
          -54.17057340317835,
          53.44643369506342
        ],
        [
          -30.232717846288452,
          58.573013226958366
        ],
        [
          -10.444366358938519,
          44.1603836343939
        ],
        [
          -5.753699968537191,
          20.133307341733406
        ],
        [
          -11.86941122918284,
          -3.5711399653813682
        ]
      ]
    },
    "abstract_upper": {
      "type": "abstract",
      "size": 90,
      "position": {
        "x": 604.0866704375046,
        "y": 612.6887440762948
      },
      "rotation": 1.0406785840091906,
      "elasticity": 0,
      "friction": 0,
      "shape": [
        [
          -9.91471364275965,
          29.844859579123057
        ],
        [
          10.534383245432156,
          29.84485957912306
        ],
        [
          16.371522625348256,
          49.44315969423734
        ],
        [
          35.600357803975555,
          56.4014253700966
        ],
        [
          53.27855098247932,
          66.67990042655116
        ],
        [
          69.92232225684873,
          54.79922530646091
        ],
        [
          61.08126617111563,
          36.36010138932272
        ],
        [
          42.67504283305823,
          27.450752031922566
        ],
        [
          33.27177040796639,
          9.29189658224834
        ],
        [
          33.271770407966386,
          -11.15720030594347
        ],
        [
          42.67504283305821,
          -29.316055755617697
        ],
        [
          61.08126617111563,
          -38.22540511301785
        ],
        [
          69.92232225684874,
          -56.66452903015604
        ],
        [
          53.27855098247936,
          -68.5452041502463
        ],
        [
          35.600357803975584,
          -58.266729093791746
        ],
        [
          16.37152262534828,
          -51.30846341793249
        ],
        [
          10.534383245432132,
          -31.710163302818216
        ],
        [
          -9.914713642759676,
          -31.710163302818174
        ],
        [
          -15.751853022675778,
          -51.308463417932444
        ],
        [
          -34.980688201303074,
          -58.26672909379173
        ],
        [
          -52.658881379806836,
          -68.5452041502463
        ],
        [
          -69.30265265417627,
          -56.664529030156096
        ],
        [
          -60.461596568443156,
          -38.22540511301791
        ],
        [
          -42.055373230385726,
          -29.31605575561776
        ],
        [
          -32.652100805293905,
          -11.157200305943531
        ],
        [
          -32.652100805293856,
          9.291896582248276
        ],
        [
          -42.05537323038577,
          27.45075203192246
        ],
        [
          -60.461596568443156,
          36.360101389322665
        ],
        [
          -69.30265265417631,
          54.79922530646081
        ],
        [
          -52.658881379806886,
          66.67990042655104
        ],
        [
          -34.9806882013031,
          56.401425370096504
        ],
        [
          -15.751853022675803,
          49.443159694237245
        ],
        [
          -9.914713642759649,
          29.844859579122975
        ]
      ]
    },
    "abstract_lower": {
      "type": "abstract",
      "size": 90,
      "position": {
        "x": 148.40962727593245,
        "y": 332.4587054870567
      },
      "rotation": 5.560525680572554,
      "elasticity": 0,
      "friction": 0,