{
  "drop_noise": 0,
  "collision_noise_mean": 1,
  "collision_noise_sd": 0,
  "dt": 0.016666666666666666,
  "substeps_per_frame": 4,
  "med": 450,
  "gravity": -1000,
  "screen_size": {
    "width": 900,
    "height": 900
  },
  "width": 800,
  "height": 600,
  "hole_width": 58.18181818181819,
  "hole_positions": [
    122.72727272727273,
    195.45454545454547,
    268.1818181818182,
    340.90909090909093,
    413.6363636363637,
    486.3636363636364,
    559.0909090909091,
    631.8181818181819,
    704.5454545454546,
    777.2727272727274
  ],
  "wall_elasticity": 0.2,
  "wall_friction": 0.9,
  "ground_elasticity": 0,
  "ground_friction": 2,
  "ground_y": 145.0,
  "divider_thickness": 4.4,
  "ball_radius": 15,
  "ball_mass": 10,
  "ball_elasticity": 0.2,
  "ball_friction": 0.5,
  "ball_initial_angle": 0,
  "obstacles": {
    "abstract": {
      "type": "abstract",
      "size": 90,
      "position": {
        "x": 323.91724312441653,
        "y": 469.6429078225138
      },
      "rotation": 3.3761358114711038,
      "elasticity": 0,
      "friction": 0,
      "shape": [
        [
          77.91016269537745,
          -44.83239773093423
        ],
        [
          77.91016269537747,
          45.05559397877042
        ],
        [
          54.912411605002276,
          53.44643369506317
        ],
        [
          30.974556048112394,
          58.573013226958196
        ],
        [
          -30.232717846288452,
          58.573013226958366
        ],
        [
          -54.17057340317835,
          53.44643369506342
        ],
        [
          -77.16832449355351,
          45.05559397877059
        ],
        [
          -77.16832449355353,
          -44.83239773093413
        ],
        [
          -54.17057340317833,
          -53.223237447226886
        ],
        [
          -30.232717846288455,
          -58.34981697912193
        ],
        [
          30.97455604811239,
          -58.349816979122004
        ],
        [
          54.912411605002276,
          -53.22323744722701
        ]
      ]
    },
    "abstract_upper": {
      "type": "abstract",
      "size": 90,
      "position": {
        "x": 604.0866704375046,
        "y": 612.6887440762948
      },
      "rotation": 1.0406785840091906,
      "elasticity": 0,
      "friction": 0,
      "shape": [
        [
          -69.30265265417631,
          54.79922530646081
        ],
        [
          -69.30265265417627,
          -56.664529030156096
        ],
        [
          -52.658881379806836,
          -68.5452041502463
        ],
        [
          53.27855098247936,
          -68.5452041502463
        ],
        [
          69.92232225684874,
          -56.66452903015604
        ],
        [
          69.92232225684873,
          54.79922530646091
        ],
        [
          53.27855098247932,
          66.67990042655116
        ],
        [
          -52.658881379806886,
          66.67990042655104
        ]
      ]
    },
    "abstract_lower": {
      "type": "abstract",
      "size": 90,
      "position": {
        "x": 148.40962727593245,
        "y": 332.4587054870567
      },
      "rotation": 5.560525680572554,
      "elasticity": 0,
      "friction": 0,
      "shape": [
        [
          -89.0311117104984,
          8.877596941440844
        ],
        [
          -89.03111171049845,
          -8.611581702647044
        ],
        [
          -13.839376088027192,
          -27.673328790295965
        ],
        [
          14.369351198454067,
          -27.67332879029603
        ],
        [
          89.56108682092533,
          -8.611581702647177
        ],
        [
          89.56108682092533,
          8.877596941440709
        ],
        [
          14.369351198454067,
          27.939344029089657
        ],
        [
          -13.839376088027178,
          27.93934402908976
        ]
      ]
    }
  },
  "hole_dropped_into": 9
}