{
  "drop_noise": 0,
  "collision_noise_mean": 1,
  "collision_noise_sd": 0,
  "dt": 0.016666666666666666,
  "substeps_per_frame": 4,
  "med": 450,
  "gravity": -1000,
  "screen_size": {
    "width": 900,
    "height": 900
  },
  "width": 800,
  "height": 600,
  "hole_width": 58.18181818181819,
  "hole_positions": [
    122.72727272727273,
    195.45454545454547,
    268.1818181818182,
    340.90909090909093,
    413.6363636363637,
    486.3636363636364,
    559.0909090909091,
    631.8181818181819,
    704.5454545454546,
    777.2727272727274
  ],
  "wall_elasticity": 0.2,
  "wall_friction": 0.9,
  "ground_elasticity": 0,
  "ground_friction": 2,
  "ground_y": 145.0,
  "divider_thickness": 4.4,
  "ball_radius": 15,
  "ball_mass": 10,
  "ball_elasticity": 0.2,
  "ball_friction": 0.5,
  "ball_initial_angle": 0,
  "obstacles": {
    "abstract": {
      "type": "abstract",
      "size": 90,
      "position": {
        "x": 665.5546865686161,
        "y": 451.27157818225766
      },
      "rotation": 2.361956767405659,
      "elasticity": 0,
      "friction": 0,
      "shape": [
        [
          -7.883056128644834,
          72.61865488129938
        ],
        [
          8.37574713668524,
          72.61865488129938
        ],
        [
          20.88501034437959,
          83.00455963829249
        ],
        [
          30.352521849403367,
          69.78658288226245
        ],
        [
          41.51309735924002,
          57.96329070495659
        ],
        [
          55.29392036494948,
          49.335567893807834
        ],
        [
          66.70796533426046,
          37.756782937723074
        ],
        [
          71.0692696485533,
          22.093842335816984
        ],
        [
          71.97108787336667,
          5.860068667624425
        ],
        [
          71.97108787336666,
          -10.39873459770565
        ],
        [
          71.06926964855326,
          -26.63250826589821
        ],
        [
          66.70796533426044,
          -42.2954488678043
        ],
        [
          55.29392036494947,
          -53.874233823889064
        ],
        [
          41.513097359239985,
          -62.50195663503779
        ],
        [
          30.352521849403352,
          -74.32524881234366
        ],
        [
          20.885010344379577,
          -87.5432255683737
        ],
        [
          8.375747136685195,
          -77.15732081138063
        ],
        [
          -7.883056128644879,
          -77.15732081138057
        ],
        [
          -20.39231933633923,
          -87.5432255683737
        ],
        [
          -29.859830841363006,
          -74.32524881234366
        ],
        [
          -41.020406351199654,
          -62.50195663503779
        ],
        [
          -54.80122935690913,
          -53.87423382388904
        ],
        [
          -66.21527432622013,
          -42.29544886780429
        ],
        [
          -70.576578640513,
          -26.63250826589821
        ],
        [
          -71.47839686532639,
          -10.39873459770565
        ],
        [
          -71.47839686532639,
          5.860068667624425
        ],
        [
          -70.57657864051303,
          22.09384233581699
        ],
        [
          -66.21527432622014,
          37.75678293772308
        ],
        [
          -54.8012293569092,
          49.33556789380785
        ],
        [
          -41.020406351199696,
          57.963290704956556
        ],
        [
          -29.859830841363053,
          69.78658288226244
        ],
        [
          -20.392319336339337,
          83.00455963829252
        ],
        [
          -7.883056128644964,
          72.61865488129943
        ]
      ]
    },
    "abstract_upper": {
      "type": "abstract",
      "size": 90,
      "position": {
        "x": 452.5408700400495,
        "y": 607.5902374324921
      },
      "rotation": 4.2203520917767845,
      "elasticity": 0,
      "friction": 0,
      "shape": [
        [
          -7.724959228954896,
          -18.191868084845986
        ],
        [
          8.20776918076457,
          -18.19186808484598
        ],
        [
          4.500197839028187,
          -2.6965220311491844
        ],
        [
          16.048707725844515,
          8.279987157658855
        ],
        [
          31.772925755012913,
          10.849189747774554
        ],
        [
          46.87733403699741,
          5.778816484493022
        ],
        [
          60.118085185223755,
          -3.0831439988664187
        ],
        [
          74.2324262317719,
          4.3085548180232385
        ],
        [
          89.59439805798104,
          8.534860082511141
        ],
        [
          89.59439805798104,
          -7.397868327208324
        ],
        [
          74.2324262317719,
          -3.1715630627204328
        ],
        [
          60.118085185223755,
          4.2201357541692355
        ],
        [
          46.87733403699739,
          -4.641824729190186
        ],
        [
          31.77292575501291,
          -9.71219799247172
        ],
        [
          16.04870772584451,
          -7.142995402356013
        ],
        [
          4.500197839028164,
          3.8335137864520092
        ],
        [
          8.207769180764556,
          19.328859840148798
        ],
        [
          -7.724959228954911,
          19.328859840148876
        ],
        [
          -4.017387887218529,
          3.8335137864520803
        ],
        [
          -15.56589777403482,
          -7.142995402355998
        ],
        [
          -31.29011580320322,
          -9.712197992471687
        ],
        [
          -46.394524085187726,
          -4.641824729190184
        ],
        [
          -59.63527523341407,
          4.220135754169257
        ],
        [
          -73.74961627996227,
          -3.171563062720339
        ],
        [
          -89.1115881061714,
          -7.397868327208282
        ],
        [
          -89.11158810617141,
          8.534860082511184
        ],
        [
          -73.74961627996227,
          4.308554818023295
        ],
        [
          -59.63527523341412,
          -3.0831439988663694
        ],
        [
          -46.394524085187726,
          5.778816484493025
        ],
        [
          -31.290115803203232,
          10.84918974777453
        ],
        [
          -15.565897774034818,
          8.27998715765891
        ],
        [
          -4.017387887218398,
          -2.696522031149032
        ],
        [
          -7.724959228954801,
          -18.191868084845826
        ]
      ]
    },
    "abstract_lower": {
      "type": "abstract",
      "size": 90,
      "position": {
        "x": 333.82744124059974,
        "y": 330.283252211846
      },
      "rotation": 5.936287175682426,
      "elasticity": 0,
      "friction": 0,