{
  "drop_noise": 0,
  "collision_noise_mean": 1,
  "collision_noise_sd": 0,
  "dt": 0.016666666666666666,
  "substeps_per_frame": 4,
  "med": 450,
  "gravity": -1000,
  "screen_size": {
    "width": 900,
    "height": 900
  },
  "width": 800,
  "height": 600,
  "hole_width": 58.18181818181819,
  "hole_positions": [
    122.72727272727273,
    195.45454545454547,
    268.1818181818182,
    340.90909090909093,
    413.6363636363637,
    486.3636363636364,
    559.0909090909091,
    631.8181818181819,
    704.5454545454546,
    777.2727272727274
  ],
  "wall_elasticity": 0.2,
  "wall_friction": 0.9,
  "ground_elasticity": 0,
  "ground_friction": 2,
  "ground_y": 145.0,
  "divider_thickness": 4.4,
  "ball_radius": 15,
  "ball_mass": 10,
  "ball_elasticity": 0.2,
  "ball_friction": 0.5,
  "ball_initial_angle": 0,
  "obstacles": {
    "abstract": {
      "type": "abstract",
      "size": 90,
      "position": {
        "x": 665.5546865686161,
        "y": 451.27157818225766
      },
      "rotation": 2.361956767405659,
      "elasticity": 0,
      "friction": 0,
      "shape": [
        [
          20.88501034437959,
          83.00455963829249
        ],
        [
          -20.392319336339337,
          83.00455963829252
        ],
        [
          -54.8012293569092,
          49.33556789380785
        ],
        [
          -66.21527432622014,
          37.75678293772308
        ],
        [
          -70.57657864051303,
          22.09384233581699
        ],
        [
          -71.47839686532639,
          5.860068667624425
        ],
        [
          -71.47839686532639,
          -10.39873459770565
        ],
        [
          -70.576578640513,
          -26.63250826589821
        ],
        [
          -66.21527432622013,
          -42.29544886780429
        ],
        [
          -54.80122935690913,
          -53.87423382388904
        ],
        [
          -20.39231933633923,
          -87.5432255683737
        ],
        [
          20.885010344379577,
          -87.5432255683737
        ],
        [
          55.29392036494947,
          -53.874233823889064
        ],
        [
          66.70796533426044,
          -42.2954488678043
        ],
        [
          71.06926964855326,
          -26.63250826589821
        ],
        [
          71.97108787336666,
          -10.39873459770565
        ],
        [
          71.97108787336667,
          5.860068667624425
        ],
        [
          71.0692696485533,
          22.093842335816984
        ],
        [
          66.70796533426046,
          37.756782937723074
        ],
        [
          55.29392036494948,
          49.335567893807834
        ]
      ]
    },
    "abstract_upper": {
      "type": "abstract",
      "size": 90,
      "position": {
        "x": 452.5408700400495,
        "y": 607.5902374324921
      },
      "rotation": 4.2203520917767845,
      "elasticity": 0,
      "friction": 0,
      "shape": [
        [
          89.59439805798104,
          -7.397868327208324
        ],
        [
          89.59439805798104,
          8.534860082511141
        ],
        [
          8.207769180764556,
          19.328859840148798
        ],
        [
          -7.724959228954911,
          19.328859840148876
        ],
        [
          -89.11158810617141,
          8.534860082511184
        ],
        [
          -89.1115881061714,
          -7.397868327208282
        ],
        [
          -7.724959228954896,
          -18.191868084845986
        ],
        [
          8.20776918076457,
          -18.19186808484598
        ]
      ]
    },
    "abstract_lower": {
      "type": "abstract",
      "size": 90,
      "position": {
        "x": 333.82744124059974,
        "y": 330.283252211846
      },
      "rotation": 5.936287175682426,
      "elasticity": 0,
      "friction": 0,
      "shape": [
        [
          -68.31614187809333,
          -28.98465073031564
        ],
        [
          68.78378998980635,
          -28.98465073031569
        ],
        [
          81.83218976004652,
          -20.74463536969204
        ],
        [
          89.64401397669866,
          -7.435465894647999
        ],
        [
          89.64401397669866,
          7.996921791880524
        ],
        [
          81.83218976004652,
          21.306091266924565
        ],
        [
          68.78378998980634,
          29.5461066275482
        ],
        [
          -68.31614187809339,
          29.546106627548166
        ],
        [
          -81.36454164833356,
          21.306091266924557
        ],
        [
          -89.1763658649857,
          7.9969217918805064
        ],
        [
          -89.1763658649857,
          -7.435465894648018
        ],
        [
          -81.36454164833354,
          -20.744635369692062
        ]
      ]
    }
  },
  "hole_dropped_into": 9
}