{
  "drop_noise": 0,
  "collision_noise_mean": 1,
  "collision_noise_sd": 0,
  "dt": 0.016666666666666666,
  "substeps_per_frame": 4,
  "med": 450,
  "gravity": -1000,
  "screen_size": {
    "width": 900,
    "height": 900
  },
  "width": 800,
  "height": 600,
  "hole_width": 58.18181818181819,
  "hole_positions": [
    122.72727272727273,
    195.45454545454547,
    268.1818181818182,
    340.90909090909093,
    413.6363636363637,
    486.3636363636364,
    559.0909090909091,
    631.8181818181819,
    704.5454545454546,
    777.2727272727274
  ],
  "wall_elasticity": 0.2,
  "wall_friction": 0.9,
  "ground_elasticity": 0,
  "ground_friction": 2,
  "ground_y": 145.0,
  "divider_thickness": 4.4,
  "ball_radius": 15,
  "ball_mass": 10,
  "ball_elasticity": 0.2,
  "ball_friction": 0.5,
  "ball_initial_angle": 0,
  "obstacles": {
    "abstract": {
      "type": "abstract",
      "size": 90,
      "position": {
        "x": 452.3031818631747,
        "y": 438.83803915951495
      },
      "rotation": 2.8301914361337803,
      "elasticity": 0,
      "friction": 0,
      "shape": [
        [
          -8.294159717509828,
          -5.884794876119144
        ],
        [
          8.812544699854051,
          -5.884794876119141
        ],
        [
          6.634718014951192,
          11.082715458446208
        ],
        [
          17.187742145672505,
          24.546482305783936
        ],
        [
          34.053749228869684,
          21.68691221701196
        ],
        [
          43.26208552388245,
          7.2700512999812545
        ],
        [
          57.7499341665789,
          -1.8261884577084786
        ],
        [
          74.73236992950434,
          0.23201745550033634
        ],
        [
          89.5748872544081,
          8.737252048560585
        ],
        [
          89.57488725440813,
          -8.369452368803294
        ],
        [
          74.73236992950437,
          0.13578222425696396
        ],
        [
          57.74993416657893,
          2.193988137465792
        ],
        [
          43.26208552388246,
          -6.902251620223918
        ],
        [
          34.053749228869705,
          -21.319112537254636
        ],
        [
          17.187742145672523,
          -24.178682626026607
        ],
        [
          6.634718014951221,
          -10.714915778688868
        ],
        [
          8.8125446998541,
          6.252594555876476
        ],
        [
          -8.294159717509778,
          6.252594555876549
        ],
        [
          -6.11633303260691,
          -10.714915778688797
        ],
        [
          -16.66935716332818,
          -24.17868262602656
        ],
        [
          -33.53536424652536,
          -21.3191125372546
        ],
        [
          -42.74370054153812,
          -6.902251620223885
        ],
        [
          -57.23154918423456,
          2.1939881374658596
        ],
        [
          -74.21398494716001,
          0.1357822242571102
        ],
        [
          -89.05650227206377,
          -8.369452368803158
        ],
        [
          -89.05650227206377,
          8.737252048560721
        ],
        [
          -74.21398494715999,
          0.23201745550051964
        ],
        [
          -57.23154918423454,
          -1.8261884577083594
        ],
        [
          -42.743700541538054,
          7.270051299981321
        ],
        [
          -33.535364246525305,
          21.68691221701204
        ],
        [
          -16.669357163328147,
          24.54648230578413
        ],
        [
          -6.116333032606724,
          11.082715458446492
        ],
        [
          -8.29415971750963,
          -5.884794876118849
        ]
      ]
    },
    "abstract_upper": {
      "type": "abstract",
      "size": 90,
      "position": {
        "x": 170.04869541702413,
        "y": 572.4012642651584
      },
      "rotation": 2.2639433635095982,
      "elasticity": 0,
      "friction": 0,
      "shape": [
        [
          -10.564509588285445,
          -3.8918955595789093
        ],
        [
          11.224791437553312,
          -3.8918955595789058
        ],
        [
          10.717439387083068,
          17.89149795684781
        ],
        [
          15.907413957326753,
          39.05367655818377
        ],
        [
          32.97203653542175,
          52.60256195373525
        ],
        [
          54.7544645424867,
          53.14979984683994
        ],
        [
          75.98238648394204,
          48.235639771903756
        ],
        [
          71.9946037424883,
          26.81435997816637
        ],
        [
          56.98813636001898,
          11.016272249156183
        ],
        [
          56.98813636001896,
          -10.77302877668257
        ],
        [
          71.99460374248827,
          -26.57111650569277
        ],
        [
          75.98238648394204,
          -47.99239629943015
        ],
        [
          54.75446454248669,
          -52.906556374366346
        ],
        [
          32.972036535421736,
          -52.35931848126165
        ],
        [
          15.907413957326742,
          -38.810433085710166
        ],
        [
          10.717439387083086,
          -17.648254484374196
        ],
        [
          11.224791437553307,
          4.135139032052517
        ],
        [
          -10.564509588285448,
          4.135139032052563
        ],
        [
          -10.057157537815199,
          -17.64825448437415
        ],
        [
          -15.247132108058889,
          -38.810433085710116
        ],
        [
          -32.31175468615387,
          -52.35931848126161
        ],
        [
          -54.09418269321884,
          -52.906556374366275
        ],
        [
          -75.32210463467418,
          -47.99239629943009
        ],
        [
          -71.33432189322056,
          -26.571116505692686
        ],
        [
          -56.327854510751266,
          -10.77302877668247
        ],
        [
          -56.32785451075115,
          11.016272249156284
        ],
        [
          -71.33432189322049,
          26.81435997816644
        ],
        [
          -75.3221046346742,
          48.23563977190383
        ],
        [
          -54.09418269321889,
          53.14979984684007
        ],
        [
          -32.311754686153925,
          52.60256195373532
        ],
        [
          -15.247132108058919,
          39.053676558183845
        ],
        [
          -10.057157537815163,
          17.891497956847903
        ],
        [
          -10.56450958828538,
          -3.89189555957881
        ]
      ]
    },
    "abstract_lower": {
      "type": "abstract",
      "size": 90,
      "position": {
        "x": 536.4282558129396,
        "y": 291.94327088235707
      },
      "rotation": 0.16067814898218674,
      "elasticity": 0,
      "friction": 0,