{
  "drop_noise": 0,
  "collision_noise_mean": 1,
  "collision_noise_sd": 0,
  "dt": 0.016666666666666666,
  "substeps_per_frame": 4,
  "med": 450,
  "gravity": -1000,
  "screen_size": {
    "width": 900,
    "height": 900
  },
  "width": 800,
  "height": 600,
  "hole_width": 58.18181818181819,
  "hole_positions": [
    122.72727272727273,
    195.45454545454547,
    268.1818181818182,
    340.90909090909093,
    413.6363636363637,
    486.3636363636364,
    559.0909090909091,
    631.8181818181819,
    704.5454545454546,
    777.2727272727274
  ],
  "wall_elasticity": 0.2,
  "wall_friction": 0.9,
  "ground_elasticity": 0,
  "ground_friction": 2,
  "ground_y": 145.0,
  "divider_thickness": 4.4,
  "ball_radius": 15,
  "ball_mass": 10,
  "ball_elasticity": 0.2,
  "ball_friction": 0.5,
  "ball_initial_angle": 0,
  "obstacles": {
    "abstract": {
      "type": "abstract",
      "size": 90,
      "position": {
        "x": 452.3031818631747,
        "y": 438.83803915951495
      },
      "rotation": 2.8301914361337803,
      "elasticity": 0,
      "friction": 0,
      "shape": [
        [
          89.57488725440813,
          -8.369452368803294
        ],
        [
          89.5748872544081,
          8.737252048560585
        ],
        [
          34.053749228869684,
          21.68691221701196
        ],
        [
          17.187742145672505,
          24.546482305783936
        ],
        [
          -16.669357163328147,
          24.54648230578413
        ],
        [
          -33.535364246525305,
          21.68691221701204
        ],
        [
          -89.05650227206377,
          8.737252048560721
        ],
        [
          -89.05650227206377,
          -8.369452368803158
        ],
        [
          -33.53536424652536,
          -21.3191125372546
        ],
        [
          -16.66935716332818,
          -24.17868262602656
        ],
        [
          17.187742145672523,
          -24.178682626026607
        ],
        [
          34.053749228869705,
          -21.319112537254636
        ]
      ]
    },
    "abstract_upper": {
      "type": "abstract",
      "size": 90,
      "position": {
        "x": 170.04869541702413,
        "y": 572.4012642651584
      },
      "rotation": 2.2639433635095982,
      "elasticity": 0,
      "friction": 0,
      "shape": [
        [
          -75.3221046346742,
          48.23563977190383
        ],
        [
          -75.32210463467418,
          -47.99239629943009
        ],
        [
          -54.09418269321884,
          -52.906556374366275
        ],
        [
          54.75446454248669,
          -52.906556374366346
        ],
        [
          75.98238648394204,
          -47.99239629943015
        ],
        [
          75.98238648394204,
          48.235639771903756
        ],
        [
          54.7544645424867,
          53.14979984683994
        ],
        [
          -54.09418269321889,
          53.14979984684007
        ]
      ]
    },
    "abstract_lower": {
      "type": "abstract",
      "size": 90,
      "position": {
        "x": 536.4282558129396,
        "y": 291.94327088235707
      },
      "rotation": 0.16067814898218674,
      "elasticity": 0,
      "friction": 0,
      "shape": [
        [
          -88.90060966921457,
          -8.799466164468356
        ],
        [
          -34.90699021345734,
          -20.900985592644723
        ],
        [
          35.47074550081655,
          -20.900985592644805
        ],
        [
          89.46436495657373,
          -8.799466164468503
        ],
        [
          89.46436495657373,
          9.804458318386622
        ],
        [
          35.470745500816584,
          21.905977746562986
        ],
        [
          -34.906990213457284,
          21.905977746563
        ],
        [
          -88.90060966921452,
          9.80445831838677
        ]
      ]
    }
  },
  "hole_dropped_into": 9
}