{
  "drop_noise": 0,
  "collision_noise_mean": 1,
  "collision_noise_sd": 0,
  "dt": 0.016666666666666666,
  "substeps_per_frame": 4,
  "med": 450,
  "gravity": -1000,
  "screen_size": {
    "width": 900,
    "height": 900
  },
  "width": 800,
  "height": 600,
  "hole_width": 58.18181818181819,
  "hole_positions": [
    122.72727272727273,
    195.45454545454547,
    268.1818181818182,
    340.90909090909093,
    413.6363636363637,
    486.3636363636364,
    559.0909090909091,
    631.8181818181819,
    704.5454545454546,
    777.2727272727274
  ],
  "wall_elasticity": 0.2,
  "wall_friction": 0.9,
  "ground_elasticity": 0,
  "ground_friction": 2,
  "ground_y": 145.0,
  "divider_thickness": 4.4,
  "ball_radius": 15,
  "ball_mass": 10,
  "ball_elasticity": 0.2,
  "ball_friction": 0.5,
  "ball_initial_angle": 0,
  "obstacles": {
    "abstract": {
      "type": "abstract",
      "size": 90,
      "position": {
        "x": 173.76875669501175,
        "y": 424.21369848640967
      },
      "rotation": 1.455030862625688,
      "elasticity": 0,
      "friction": 0,
      "shape": [
        [
          -11.20390126109797,
          -3.202741829011464
        ],
        [
          11.904145089916636,
          -3.2027418290114604
        ],
        [
          12.556227610426351,
          19.896102179879666
        ],
        [
          23.8176633784517,
          40.07435459685767
        ],
        [
          28.06880070543577,
          62.787998901278804
        ],
        [
          46.0117506158911,
          77.34932970143339
        ],
        [
          57.81010972988732,
          57.480244962124885
        ],
        [
          61.4635666568225,
          34.662838040135064
        ],
        [
          59.32342937890297,
          11.654108857663932
        ],
        [
          59.32342937890296,
          -11.45393749335068
        ],
        [
          61.4635666568225,
          -34.46266667582181
        ],
        [
          57.81010972988732,
          -57.280073597811615
        ],
        [
          46.01175061589114,
          -77.14915833712014
        ],
        [
          28.068800705435795,
          -62.58782753696557
        ],
        [
          23.817663378451712,
          -39.874183232544446
        ],
        [
          12.556227610426342,
          -19.695930815566452
        ],
        [
          11.904145089916607,
          3.4029131933246672
        ],
        [
          -11.203901261098004,
          3.402913193324716
        ],
        [
          -11.855983781607705,
          -19.695930815566406
        ],
        [
          -23.117419549633052,
          -39.87418323254442
        ],
        [
          -27.368556876617127,
          -62.58782753696554
        ],
        [
          -45.311506787072425,
          -77.14915833712017
        ],
        [
          -57.10986590106864,
          -57.280073597811665
        ],
        [
          -60.76332282800384,
          -34.46266667582186
        ],
        [
          -58.623185550084315,
          -11.453937493350724
        ],
        [
          -58.62318555008427,
          11.654108857663884
        ],
        [
          -60.763322828003886,
          34.662838040135014
        ],
        [
          -57.10986590106868,
          57.480244962124836
        ],
        [
          -45.311506787072545,
          77.34932970143339
        ],
        [
          -27.36855687661724,
          62.78799890127876
        ],
        [
          -23.117419549633176,
          40.07435459685763
        ],
        [
          -11.855983781607799,
          19.896102179879634
        ],
        [
          -11.203901261098082,
          -3.202741829011487
        ]
      ]
    },
    "abstract_upper": {
      "type": "abstract",
      "size": 90,
      "position": {
        "x": 336.87044788041703,
        "y": 586.5216613001347
      },
      "rotation": 5.260136685142304,
      "elasticity": 0,
      "friction": 0,
      "shape": [
        [
          -8.913868854263109,
          60.035903934466354
        ],
        [
          9.470985657654536,
          60.035903934466354
        ],
        [
          -7.336519590447156,
          67.48645040834414
        ],
        [
          -10.999607232055896,
          85.50268376479998
        ],
        [
          4.073672942341883,
          74.9765686120722
        ],
        [
          -9.276077218549865,
          62.33587851753427
        ],
        [
          -10.60209478887044,
          43.998906225806834
        ],
        [
          -12.387913537143099,
          25.70099031107226
        ],
        [
          -12.308977335271612,
          7.316305258006688
        ],
        [
          -12.308977335271617,
          -11.068549253910957
        ],
        [
          -12.387913537143127,
          -29.453234306976523
        ],
        [
          -10.602094788870462,
          -47.751150221711086
        ],
        [
          -9.276077218549922,
          -66.08812251343852
        ],
        [
          4.073672942341814,
          -78.72881260797647
        ],
        [
          -10.999607232055988,
          -89.25492776070423
        ],
        [
          -7.336519590447227,
          -71.23869440424839
        ],
        [
          9.470985657654476,
          -63.78814793037063
        ],
        [
          -8.91386885426317,
          -63.78814793037051
        ],
        [
          7.893636393838524,
          -71.2386944042483
        ],
        [
          11.556724035447308,
          -89.25492776070415
        ],
        [
          -3.5165561389505053,
          -78.7288126079764
        ],
        [
          9.833194021941248,
          -66.08812251343848
        ],
        [
          11.159211592261872,
          -47.75115022171105
        ],
        [
          12.945030340534515,
          -29.453234306976473
        ],
        [
          12.866094138663003,
          -11.0685492539109
        ],
        [
          12.86609413866313,
          7.316305258006746
        ],
        [
          12.94503034053452,
          25.70099031107232
        ],
        [
          11.1592115922619,
          43.998906225806884
        ],
        [
          9.833194021941386,
          62.335878517534326
        ],
        [
          -3.516556138950329,
          74.9765686120723
        ],
        [
          11.556724035447374,
          85.5026837648002
        ],
        [
          7.89363639383887,
          67.4864504083443
        ],
        [
          -8.913868854262828,
          60.03590393446653
        ]
      ]
    },
    "abstract_lower": {
      "type": "abstract",
      "size": 90,
      "position": {
        "x": 560.6756588464045,
        "y": 344.14243405873503
      },
      "rotation": 6.158466003006731,
      "elasticity": 0,
      "friction": 0,