{
  "drop_noise": 0,
  "collision_noise_mean": 1,
  "collision_noise_sd": 0,
  "dt": 0.016666666666666666,
  "substeps_per_frame": 4,
  "med": 450,
  "gravity": -1000,
  "screen_size": {
    "width": 900,
    "height": 900
  },
  "width": 800,
  "height": 600,
  "hole_width": 58.18181818181819,
  "hole_positions": [
    122.72727272727273,
    195.45454545454547,
    268.1818181818182,
    340.90909090909093,
    413.6363636363637,
    486.3636363636364,
    559.0909090909091,
    631.8181818181819,
    704.5454545454546,
    777.2727272727274
  ],
  "wall_elasticity": 0.2,
  "wall_friction": 0.9,
  "ground_elasticity": 0,
  "ground_friction": 2,
  "ground_y": 145.0,
  "divider_thickness": 4.4,
  "ball_radius": 15,
  "ball_mass": 10,
  "ball_elasticity": 0.2,
  "ball_friction": 0.5,
  "ball_initial_angle": 0,
  "obstacles": {
    "abstract": {
      "type": "abstract",
      "size": 90,
      "position": {
        "x": 173.76875669501175,
        "y": 424.21369848640967
      },
      "rotation": 1.455030862625688,
      "elasticity": 0,
      "friction": 0,
      "shape": [
        [
          -45.311506787072425,
          -77.14915833712017
        ],
        [
          46.01175061589114,
          -77.14915833712014
        ],
        [
          57.81010972988732,
          -57.280073597811615
        ],
        [
          61.4635666568225,
          -34.46266667582181
        ],
        [
          61.4635666568225,
          34.662838040135064
        ],
        [
          57.81010972988732,
          57.480244962124885
        ],
        [
          46.0117506158911,
          77.34932970143339
        ],
        [
          -45.311506787072545,
          77.34932970143339
        ],
        [
          -57.10986590106868,
          57.480244962124836
        ],
        [
          -60.763322828003886,
          34.662838040135014
        ],
        [
          -60.76332282800384,
          -34.46266667582186
        ],
        [
          -57.10986590106864,
          -57.280073597811665
        ]
      ]
    },
    "abstract_upper": {
      "type": "abstract",
      "size": 90,
      "position": {
        "x": 336.87044788041703,
        "y": 586.5216613001347
      },
      "rotation": 5.260136685142304,
      "elasticity": 0,
      "friction": 0,
      "shape": [
        [
          12.94503034053452,
          25.70099031107232
        ],
        [
          11.556724035447374,
          85.5026837648002
        ],
        [
          -10.999607232055896,
          85.50268376479998
        ],
        [
          -12.387913537143099,
          25.70099031107226
        ],
        [
          -12.387913537143127,
          -29.453234306976523
        ],
        [
          -10.999607232055988,
          -89.25492776070423
        ],
        [
          11.556724035447308,
          -89.25492776070415
        ],
        [
          12.945030340534515,
          -29.453234306976473
        ]
      ]
    },
    "abstract_lower": {
      "type": "abstract",
      "size": 90,
      "position": {
        "x": 560.6756588464045,
        "y": 344.14243405873503
      },
      "rotation": 6.158466003006731,
      "elasticity": 0,
      "friction": 0,
      "shape": [
        [
          -5.438528042486168,
          86.18564258692959
        ],
        [
          -14.299289162600083,
          70.85262389613312
        ],
        [
          -19.36493589748857,
          24.739425554904166
        ],
        [
          -20.127547743983726,
          7.0466876952166055
        ],
        [
          -20.127547743983815,
          -10.662478005065164
        ],
        [
          -19.364935897488575,
          -28.355215864752722
        ],
        [
          -14.29928916260025,
          -74.46841420598165
        ],
        [
          -5.438528042486234,
          -89.80143289677805
        ],
        [
          5.97516942734314,
          -89.80143289677812
        ],
        [
          14.835930547457167,
          -74.46841420598173
        ],
        [
          19.901577282345578,
          -28.355215864752797
        ],
        [
          20.664189128840764,
          -10.662478005065243
        ],
        [
          20.664189128840775,
          7.0466876952165265
        ],
        [
          19.901577282345574,
          24.739425554904084
        ],
        [
          14.835930547457242,
          70.852623896133
        ],
        [
          5.975169427343225,
          86.18564258692942
        ]
      ]
    }
  },
  "hole_dropped_into": 9
}