{
  "drop_noise": 0,
  "collision_noise_mean": 1,
  "collision_noise_sd": 0,
  "dt": 0.016666666666666666,
  "substeps_per_frame": 4,
  "med": 450,
  "gravity": -1000,
  "screen_size": {
    "width": 900,
    "height": 900
  },
  "width": 800,
  "height": 600,
  "hole_width": 58.18181818181819,
  "hole_positions": [
    122.72727272727273,
    195.45454545454547,
    268.1818181818182,
    340.90909090909093,
    413.6363636363637,
    486.3636363636364,
    559.0909090909091,
    631.8181818181819,
    704.5454545454546,
    777.2727272727274
  ],
  "wall_elasticity": 0.2,
  "wall_friction": 0.9,
  "ground_elasticity": 0,
  "ground_friction": 2,
  "ground_y": 145.0,
  "divider_thickness": 4.4,
  "ball_radius": 15,
  "ball_mass": 10,
  "ball_elasticity": 0.2,
  "ball_friction": 0.5,
  "ball_initial_angle": 0,
  "obstacles": {
    "abstract": {
      "type": "abstract",
      "size": 90,
      "position": {
        "x": 292.77301877463026,
        "y": 465.54702234252716
      },
      "rotation": 5.286548573116263,
      "elasticity": 0,
      "friction": 0,
      "shape": [
        [
          -7.166079574735206,
          -10.806752391737007
        ],
        [
          7.613959548156135,
          -10.806752391737007
        ],
        [
          7.2665194475779895,
          3.9692024623734
        ],
        [
          19.922369583997543,
          11.603271744131842
        ],
        [
          34.40985373303786,
          14.529422715203562
        ],
        [
          48.79737239345875,
          11.14580582343831
        ],
        [
          60.952419185826166,
          2.7372153381335638
        ],
        [
          74.88772614257923,
          7.6623322398190865
        ],
        [
          89.66762057833641,
          7.727730573687414
        ],
        [
          89.66762057833641,
          -7.052308549203925
        ],
        [
          74.88772614257923,
          -6.986910215335607
        ],
        [
          60.95241918582618,
          -2.0617933136500683
        ],
        [
          48.797372393458765,
          -10.4703837989548
        ],
        [
          34.40985373303786,
          -13.854000690720047
        ],
        [
          19.922369583997547,
          -10.927849719648318
        ],
        [
          7.2665194475779895,
          -3.293780437889885
        ],
        [
          7.613959548156145,
          11.482174416220522
        ],
        [
          -7.166079574735196,
          11.482174416220577
        ],
        [
          -6.818639474157045,
          -3.2937804378898274
        ],
        [
          -19.47448961057658,
          -10.927849719648297
        ],
        [
          -33.96197375961691,
          -13.854000690720005
        ],
        [
          -48.34949242003781,
          -10.47038379895479
        ],
        [
          -60.504539212405206,
          -2.0617933136500355
        ],
        [
          -74.43984616915829,
          -6.986910215335514
        ],
        [
          -89.21974060491546,
          -7.052308549203869
        ],
        [
          -89.21974060491546,
          7.72773057368747
        ],
        [
          -74.4398461691583,
          7.662332239819172
        ],
        [
          -60.50453921240525,
          2.7372153381336233
        ],
        [
          -48.34949242003782,
          11.145805823438327
        ],
        [
          -33.961973759616924,
          14.529422715203559
        ],
        [
          -19.474489610576583,
          11.603271744131897
        ],
        [
          -6.8186394741569805,
          3.9692024623735427
        ],
        [
          -7.166079574735145,
          -10.806752391736861
        ]
      ]
    },
    "abstract_upper": {
      "type": "abstract",
      "size": 90,
      "position": {
        "x": 429.55109794162536,
        "y": 573.1116021577427
      },
      "rotation": 1.8507238828289823,
      "elasticity": 0,
      "friction": 0,
      "shape": [
        [
          -11.226829753998803,
          7.039960479710787
        ],
        [
          11.928506613623671,
          7.039960479710791
        ],
        [
          18.523453900860474,
          29.23627261880966
        ],
        [
          25.48876470748554,
          51.31916300174758
        ],
        [
          26.793184723658012,
          74.43772893303209
        ],
        [
          49.94851884161465,
          74.42752189953347
        ],
        [
          63.40171247076564,
          55.58127072126699
        ],
        [
          59.82334750543143,
          32.70410073735927
        ],
        [
          50.85119769278125,
          11.357669418820297
        ],
        [
          50.85119769278123,
          -11.797666948802178
        ],
        [
          59.82334750543141,
          -33.14409826734114
        ],
        [
          63.40171247076564,
          -56.021268251248884
        ],
        [
          49.94851884161467,
          -74.86751942951538
        ],
        [
          26.793184723658026,
          -74.87772646301403
        ],
        [
          25.48876470748558,
          -51.75916053172951
        ],
        [
          18.523453900860535,
          -29.67627014879158
        ],
        [
          11.928506613623695,
          -7.479958009692721
        ],
        [
          -11.226829753998782,
          -7.479958009692694
        ],
        [
          -17.82177704123558,
          -29.676270148791566
        ],
        [
          -24.78708784786066,
          -51.759160531729485
        ],
        [
          -26.091507864033098,
          -74.87772646301399
        ],
        [
          -49.246841981989746,
          -74.86751942951543
        ],
        [
          -62.700035611140734,
          -56.02126825124892
        ],
        [
          -59.12167064580656,
          -33.144098267341185
        ],
        [
          -50.14952083315638,
          -11.797666948802215
        ],
        [
          -50.14952083315626,
          11.35766941882026
        ],
        [
          -59.12167064580651,
          32.7041007373592
        ],
        [
          -62.70003561114068,
          55.581270721266925
        ],
        [
          -49.24684198198976,
          74.42752189953347
        ],
        [
          -26.0915078640331,
          74.43772893303208
        ],
        [
          -24.787087847860615,
          51.31916300174757
        ],
        [
          -17.821777041235567,
          29.23627261880964
        ],
        [
          -11.226829753998738,
          7.03996047971078
        ]
      ]
    },
    "abstract_lower": {
      "type": "abstract",
      "size": 90,
      "position": {
        "x": 767.1059706978972,
        "y": 292.02759088149725
      },
      "rotation": 0.13117251496880916,
      "elasticity": 0,
      "friction": 0,