{
  "drop_noise": 0,
  "collision_noise_mean": 1,
  "collision_noise_sd": 0,
  "dt": 0.016666666666666666,
  "substeps_per_frame": 4,
  "med": 450,
  "gravity": -1000,
  "screen_size": {
    "width": 900,
    "height": 900
  },
  "width": 800,
  "height": 600,
  "hole_width": 58.18181818181819,
  "hole_positions": [
    122.72727272727273,
    195.45454545454547,
    268.1818181818182,
    340.90909090909093,
    413.6363636363637,
    486.3636363636364,
    559.0909090909091,
    631.8181818181819,
    704.5454545454546,
    777.2727272727274
  ],
  "wall_elasticity": 0.2,
  "wall_friction": 0.9,
  "ground_elasticity": 0,
  "ground_friction": 2,
  "ground_y": 145.0,
  "divider_thickness": 4.4,
  "ball_radius": 15,
  "ball_mass": 10,
  "ball_elasticity": 0.2,
  "ball_friction": 0.5,
  "ball_initial_angle": 0,
  "obstacles": {
    "abstract": {
      "type": "abstract",
      "size": 90,
      "position": {
        "x": 292.77301877463026,
        "y": 465.54702234252716
      },
      "rotation": 5.286548573116263,
      "elasticity": 0,
      "friction": 0,
      "shape": [
        [
          -89.21974060491546,
          -7.052308549203869
        ],
        [
          -33.96197375961691,
          -13.854000690720005
        ],
        [
          34.40985373303786,
          -13.854000690720047
        ],
        [
          89.66762057833641,
          -7.052308549203925
        ],
        [
          89.66762057833641,
          7.727730573687414
        ],
        [
          34.40985373303786,
          14.529422715203562
        ],
        [
          -33.961973759616924,
          14.529422715203559
        ],
        [
          -89.21974060491546,
          7.72773057368747
        ]
      ]
    },
    "abstract_upper": {
      "type": "abstract",
      "size": 90,
      "position": {
        "x": 429.55109794162536,
        "y": 573.1116021577427
      },
      "rotation": 1.8507238828289823,
      "elasticity": 0,
      "friction": 0,
      "shape": [
        [
          -62.700035611140734,
          -56.02126825124892
        ],
        [
          -49.246841981989746,
          -74.86751942951543
        ],
        [
          -26.091507864033098,
          -74.87772646301399
        ],
        [
          26.793184723658026,
          -74.87772646301403
        ],
        [
          49.94851884161467,
          -74.86751942951538
        ],
        [
          63.40171247076564,
          -56.021268251248884
        ],
        [
          63.40171247076564,
          55.58127072126699
        ],
        [
          49.94851884161465,
          74.42752189953347
        ],
        [
          26.793184723658012,
          74.43772893303209
        ],
        [
          -26.0915078640331,
          74.43772893303208
        ],
        [
          -49.24684198198976,
          74.42752189953347
        ],
        [
          -62.70003561114068,
          55.581270721266925
        ]
      ]
    },
    "abstract_lower": {
      "type": "abstract",
      "size": 90,
      "position": {
        "x": 767.1059706978972,
        "y": 292.02759088149725
      },
      "rotation": 0.13117251496880916,
      "elasticity": 0,
      "friction": 0,
      "shape": [
        [
          -23.127467921224145,
          -12.263276857731745
        ],
        [
          -22.82154113295118,
          -86.86330163320501
        ],
        [
          -2.202570022827084,
          -89.95535739881119
        ],
        [
          2.834373873037066,
          -89.95535739881115
        ],
        [
          23.453344983161156,
          -86.86330163320497
        ],
        [
          23.759271771434143,
          -12.263276857731782
        ],
        [
          23.759271771434143,
          8.586250199200476
        ],
        [
          23.45334498316129,
          83.18627497467398
        ],
        [
          2.8343738730371677,
          86.27833074027993
        ],
        [
          -2.2025700228270377,
          86.27833074027988
        ],
        [
          -22.82154113295114,
          83.18627497467374
        ],
        [
          -23.12746792122404,
          8.586250199200514
        ]
      ]
    }
  },
  "hole_dropped_into": 9
}