{
  "drop_noise": 0,
  "collision_noise_mean": 1,
  "collision_noise_sd": 0,
  "dt": 0.016666666666666666,
  "substeps_per_frame": 4,
  "med": 450,
  "gravity": -1000,
  "screen_size": {
    "width": 900,
    "height": 900
  },
  "width": 800,
  "height": 600,
  "hole_width": 58.18181818181819,
  "hole_positions": [
    122.72727272727273,
    195.45454545454547,
    268.1818181818182,
    340.90909090909093,
    413.6363636363637,
    486.3636363636364,
    559.0909090909091,
    631.8181818181819,
    704.5454545454546,
    777.2727272727274
  ],
  "wall_elasticity": 0.2,
  "wall_friction": 0.9,
  "ground_elasticity": 0,
  "ground_friction": 2,
  "ground_y": 145.0,
  "divider_thickness": 4.4,
  "ball_radius": 15,
  "ball_mass": 10,
  "ball_elasticity": 0.2,
  "ball_friction": 0.5,
  "ball_initial_angle": 0,
  "obstacles": {
    "abstract": {
      "type": "abstract",
      "size": 90,
      "position": {
        "x": 691.1077240763248,
        "y": 422.67254180858026
      },
      "rotation": 1.2318718569620442,
      "elasticity": 0,
      "friction": 0,
      "shape": [
        [
          -13.447626265928188,
          13.816154794250108
        ],
        [
          14.288102907548456,
          13.816154794250114
        ],
        [
          3.0645964623809228,
          39.17958468572429
        ],
        [
          -11.692787646648034,
          62.66341501731678
        ],
        [
          -3.142479394566794,
          89.04831413743537
        ],
        [
          20.164939969539333,
          74.0138578662517
        ],
        [
          40.66100178008425,
          55.32744239825019
        ],
        [
          57.421901450951715,
          33.228960210381324
        ],
        [
          76.85161435192852,
          13.436109749417927
        ],
        [
          76.85161435192852,
          -14.299619424058719
        ],
        [
          57.421901450951715,
          -34.092469885022105
        ],
        [
          40.661001780084234,
          -56.19095207289096
        ],
        [
          20.16493996953929,
          -74.87736754089244
        ],
        [
          -3.1424793945668266,
          -89.91182381207611
        ],
        [
          -11.692787646648025,
          -63.52692469195751
        ],
        [
          3.0645964623809596,
          -40.04309436036505
        ],
        [
          14.288102907548543,
          -14.679664468890886
        ],
        [
          -13.4476262659281,
          -14.679664468890785
        ],
        [
          -2.224119820760564,
          -40.04309436036497
        ],
        [
          12.533264288268432,
          -63.52692469195742
        ],
        [
          3.982956036187253,
          -89.91182381207602
        ],
        [
          -19.324463327918878,
          -74.87736754089235
        ],
        [
          -39.82052513846378,
          -56.19095207289083
        ],
        [
          -56.58142480933126,
          -34.09246988502197
        ],
        [
          -76.0111377103081,
          -14.299619424058601
        ],
        [
          -76.01113771030798,
          13.436109749418044
        ],
        [
          -56.58142480933126,
          33.22896021038152
        ],
        [
          -39.82052513846372,
          55.327442398250355
        ],
        [
          -19.3244633279188,
          74.01385786625185
        ],
        [
          3.9829560361873297,
          89.04831413743553
        ],
        [
          12.53326428826872,
          62.66341501731698
        ],
        [
          -2.224119820760139,
          39.17958468572443
        ],
        [
          -13.447626265927756,
          13.816154794250284
        ]
      ]
    },
    "abstract_upper": {
      "type": "abstract",
      "size": 90,
      "position": {
        "x": 183.29674224733003,
        "y": 615.3014601731536
      },
      "rotation": 0.9832177319163876,
      "elasticity": 0,
      "friction": 0,
      "shape": [
        [
          -8.966984977877281,
          42.14058175371525
        ],
        [
          9.527421538994686,
          42.14058175371525
        ],
        [
          16.364649764094136,
          59.324742559795354
        ],
        [
          34.854734050069155,
          58.924923214520625
        ],
        [
          52.2653849317203,
          65.16289630588422
        ],
        [
          68.31000950791464,
          55.96435867100461
        ],
        [
          61.24318273304071,
          38.87333670784392
        ],
        [
          48.541528427280866,
          25.43045568076164
        ],
        [
          42.55922315961081,
          7.930310078632398
        ],
        [
          42.559223159610795,
          -10.564096438239568
        ],
        [
          48.54152842728085,
          -28.064242040368807
        ],
        [
          61.24318273304071,
          -41.50712306745107
        ],
        [
          68.31000950791467,
          -58.598145030611754
        ],
        [
          52.265384931720334,
          -67.79668266549139
        ],
        [
          34.854734050069176,
          -61.558709574127796
        ],
        [
          16.364649764094157,
          -61.95852891940254
        ],
        [
          9.527421538994645,
          -44.77436811332246
        ],
        [
          -8.966984977877322,
          -44.77436811332241
        ],
        [
          -15.804213202976776,
          -61.95852891940251
        ],
        [
          -34.29429748895179,
          -61.558709574127796
        ],
        [
          -51.70494837060294,
          -67.7966826654914
        ],
        [
          -67.74957294679731,
          -58.59814503061182
        ],
        [
          -60.682746171923384,
          -41.50712306745112
        ],
        [
          -47.98109186616354,
          -28.06424204036884
        ],
        [
          -41.99878659849348,
          -10.564096438239602
        ],
        [
          -41.998786598493446,
          7.930310078632366
        ],
        [
          -47.98109186616356,
          25.430455680761586
        ],
        [
          -60.6827461719234,
          38.87333670784388
        ],
        [
          -67.74957294679739,
          55.964358671004554
        ],
        [
          -51.70494837060302,
          65.16289630588412
        ],
        [
          -34.29429748895186,
          58.924923214520554
        ],
        [
          -15.804213202976841,
          59.324742559795304
        ],
        [
          -8.966984977877358,
          42.14058175371521
        ]
      ]
    },
    "abstract_lower": {
      "type": "abstract",
      "size": 90,
      "position": {
        "x": 375.47875613500594,
        "y": 316.6005205390525
      },
      "rotation": 3.888009341375145,
      "elasticity": 0,
      "friction": 0,