{
  "drop_noise": 0,
  "collision_noise_mean": 1,
  "collision_noise_sd": 0,
  "dt": 0.016666666666666666,
  "substeps_per_frame": 4,
  "med": 450,
  "gravity": -1000,
  "screen_size": {
    "width": 900,
    "height": 900
  },
  "width": 800,
  "height": 600,
  "hole_width": 58.18181818181819,
  "hole_positions": [
    122.72727272727273,
    195.45454545454547,
    268.1818181818182,
    340.90909090909093,
    413.6363636363637,
    486.3636363636364,
    559.0909090909091,
    631.8181818181819,
    704.5454545454546,
    777.2727272727274
  ],
  "wall_elasticity": 0.2,
  "wall_friction": 0.9,
  "ground_elasticity": 0,
  "ground_friction": 2,
  "ground_y": 145.0,
  "divider_thickness": 4.4,
  "ball_radius": 15,
  "ball_mass": 10,
  "ball_elasticity": 0.2,
  "ball_friction": 0.5,
  "ball_initial_angle": 0,
  "obstacles": {
    "abstract": {
      "type": "abstract",
      "size": 90,
      "position": {
        "x": 691.1077240763248,
        "y": 422.67254180858026
      },
      "rotation": 1.2318718569620442,
      "elasticity": 0,
      "friction": 0,
      "shape": [
        [
          -76.01113771030798,
          13.436109749418044
        ],
        [
          -76.0111377103081,
          -14.299619424058601
        ],
        [
          -39.82052513846378,
          -56.19095207289083
        ],
        [
          -3.1424793945668266,
          -89.91182381207611
        ],
        [
          3.982956036187253,
          -89.91182381207602
        ],
        [
          40.661001780084234,
          -56.19095207289096
        ],
        [
          76.85161435192852,
          -14.299619424058719
        ],
        [
          76.85161435192852,
          13.436109749417927
        ],
        [
          40.66100178008425,
          55.32744239825019
        ],
        [
          3.9829560361873297,
          89.04831413743553
        ],
        [
          -3.142479394566794,
          89.04831413743537
        ],
        [
          -39.82052513846372,
          55.327442398250355
        ]
      ]
    },
    "abstract_upper": {
      "type": "abstract",
      "size": 90,
      "position": {
        "x": 183.29674224733003,
        "y": 615.3014601731536
      },
      "rotation": 0.9832177319163876,
      "elasticity": 0,
      "friction": 0,
      "shape": [
        [
          -67.74957294679739,
          55.964358671004554
        ],
        [
          -67.74957294679731,
          -58.59814503061182
        ],
        [
          -51.70494837060294,
          -67.7966826654914
        ],
        [
          52.265384931720334,
          -67.79668266549139
        ],
        [
          68.31000950791467,
          -58.598145030611754
        ],
        [
          68.31000950791464,
          55.96435867100461
        ],
        [
          52.2653849317203,
          65.16289630588422
        ],
        [
          -51.70494837060302,
          65.16289630588412
        ]
      ]
    },
    "abstract_lower": {
      "type": "abstract",
      "size": 90,
      "position": {
        "x": 375.47875613500594,
        "y": 316.6005205390525
      },
      "rotation": 3.888009341375145,
      "elasticity": 0,
      "friction": 0,
      "shape": [
        [
          -28.572802290082425,
          77.93668700719061
        ],
        [
          -46.27551870195811,
          73.70986582490221
        ],
        [
          -55.489249638259615,
          7.525853782834322
        ],
        [
          -55.48924963825969,
          -10.67448098514
        ],
        [
          -46.2755187019583,
          -76.85849302720783
        ],
        [
          -28.572802290082585,
          -81.08531420949615
        ],
        [
          29.124327586081687,
          -81.08531420949618
        ],
        [
          46.827043997957404,
          -76.85849302720787
        ],
        [
          56.04077493425886,
          -10.674480985140018
        ],
        [
          56.04077493425888,
          7.525853782834306
        ],
        [
          46.82704399795749,
          73.70986582490214
        ],
        [
          29.124327586081776,
          77.93668700719046
        ]
      ]
    }
  },
  "hole_dropped_into": 9
}